"","focal","year","complexity_plant","n.competitors_plant","competitors_plant","n.HOIs_plant","HOIs_plant","n.interactors_H","interactors_H","n.HOIs_H","HOIs_H","n.interactors_FV","interactors_FV","n.HOIs_FV","HOIs_FV","n.competitors_plant_inclus","n.competitors_FV_inclus","n.competitors_H_inclus","n.HOIs_plant_inclus","n.HOIs_H_inclus","n.HOIs_FV_inclus","complexity.animal","competitors_plant_inclus"
"1","CHFU",2019,"class",2,"Forb,Grass",3,"Forb_Grass,Forb_CHFU,Grass_CHFU",5,"beetle,bug,caterpillar,grasshopper,snail",13,"Forb_beetle,Forb_bug,Forb_caterpillar,Forb_snail,Grass_beetle,Grass_bug,Grass_caterpillar,Grass_snail,CHFU_beetle,CHFU_bug,CHFU_caterpillar,CHFU_grasshopper,CHFU_snail",3,"bee,beetle,fly",9,"Forb_bee,Forb_beetle,Forb_fly,Grass_bee,Grass_beetle,Grass_fly,CHFU_bee,CHFU_beetle,CHFU_fly",0,0,0,0,0,0,"group",NA
"2","CHFU",2019,"family",8,"Amaranthaceae,Asteraceae,Caryophyllaceae,Fabaceae,Gentianaceae,Plantaginaceae,Poaceae,Ranunculuc",36,"Amaranthaceae_Asteraceae,Amaranthaceae_Caryophyllaceae,Amaranthaceae_Fabaceae,Amaranthaceae_Gentianaceae,Amaranthaceae_Plantaginaceae,Amaranthaceae_Poaceae,Amaranthaceae_Ranunculuc,Amaranthaceae_CHFU,Asteraceae_Caryophyllaceae,Asteraceae_Fabaceae,Asteraceae_Gentianaceae,Asteraceae_Plantaginaceae,Asteraceae_Poaceae,Asteraceae_Ranunculuc,Asteraceae_CHFU,Caryophyllaceae_Fabaceae,Caryophyllaceae_Gentianaceae,Caryophyllaceae_Plantaginaceae,Caryophyllaceae_Poaceae,Caryophyllaceae_Ranunculuc,Caryophyllaceae_CHFU,Fabaceae_Gentianaceae,Fabaceae_Plantaginaceae,Fabaceae_Poaceae,Fabaceae_Ranunculuc,Fabaceae_CHFU,Gentianaceae_Plantaginaceae,Gentianaceae_Poaceae,Gentianaceae_Ranunculuc,Gentianaceae_CHFU,Plantaginaceae_Poaceae,Plantaginaceae_Ranunculuc,Plantaginaceae_CHFU,Poaceae_Ranunculuc,Poaceae_CHFU,Ranunculuc_CHFU",4,"Geomitridae,Lasiocampidae,Miridae,Tettigoniidae",10,"Asteraceae_Geomitridae,Asteraceae_Lasiocampidae,Plantaginaceae_Lasiocampidae,Poaceae_Geomitridae,Poaceae_Lasiocampidae,Poaceae_Miridae,CHFU_Geomitridae,CHFU_Lasiocampidae,CHFU_Miridae,CHFU_Tettigoniidae",2,"Andrenidae,Apidae",10,"Asteraceae_Andrenidae,Asteraceae_Apidae,Fabaceae_Andrenidae,Fabaceae_Apidae,Poaceae_Andrenidae,Poaceae_Apidae,Ranunculuc_Andrenidae,Ranunculuc_Apidae,CHFU_Andrenidae,CHFU_Apidae",0,0,0,0,0,0,"family",NA
"3","CHFU",2019,"code.plant",12,"CETE,HOMA,LEMA,MEEL,MEPO,PLCO,POMA,RAPE,SCLA,SOAS,SPRU,SUSP",78,"CETE_CHFU,CETE_HOMA,CETE_LEMA,CETE_MEEL,CETE_MEPO,CETE_PLCO,CETE_POMA,CETE_RAPE,CETE_SCLA,CETE_SOAS,CETE_SPRU,CETE_SUSP,CHFU_HOMA,CHFU_LEMA,CHFU_MEEL,CHFU_MEPO,CHFU_PLCO,CHFU_POMA,CHFU_RAPE,CHFU_SCLA,CHFU_SOAS,CHFU_SPRU,CHFU_SUSP,HOMA_LEMA,HOMA_MEEL,HOMA_MEPO,HOMA_PLCO,HOMA_POMA,HOMA_RAPE,HOMA_SCLA,HOMA_SOAS,HOMA_SPRU,HOMA_SUSP,LEMA_MEEL,LEMA_MEPO,LEMA_PLCO,LEMA_POMA,LEMA_RAPE,LEMA_SCLA,LEMA_SOAS,LEMA_SPRU,LEMA_SUSP,MEEL_MEPO,MEEL_PLCO,MEEL_POMA,MEEL_RAPE,MEEL_SCLA,MEEL_SOAS,MEEL_SPRU,MEEL_SUSP,MEPO_PLCO,MEPO_POMA,MEPO_RAPE,MEPO_SCLA,MEPO_SOAS,MEPO_SPRU,MEPO_SUSP,PLCO_POMA,PLCO_RAPE,PLCO_SCLA,PLCO_SOAS,PLCO_SPRU,PLCO_SUSP,POMA_RAPE,POMA_SCLA,POMA_SOAS,POMA_SPRU,POMA_SUSP,RAPE_SCLA,RAPE_SOAS,RAPE_SPRU,RAPE_SUSP,SCLA_SOAS,SCLA_SPRU,SCLA_SUSP,SOAS_SPRU,SOAS_SUSP,SPRU_SUSP",6,"Cochlicella_barbara,Conocephalus_dorsalis,Gastropoda,Lasiocampa_trifolii_larva,Miridae,Pentatomidae",12,"HOMA_Cochlicella_barbara,HOMA_Lasiocampa_trifolii_larva,HOMA_Miridae,LEMA_Cochlicella_barbara,LEMA_Lasiocampa_trifolii_larva,PLCO_Lasiocampa_trifolii_larva,RAPE_Pentatomidae,CHFU_Cochlicella_barbara,CHFU_Conocephalus_dorsalis,CHFU_Gastropoda,CHFU_Lasiocampa_trifolii_larva,CHFU_Miridae",4,"Diptera,Episyrphus_balteatus,Eupeodes_corollae,Hymenoptera",20,"CETE_Diptera,HOMA_Diptera,HOMA_Episyrphus_balteatus,HOMA_Eupeodes_corollae,HOMA_Hymenoptera,LEMA_Diptera,LEMA_Episyrphus_balteatus,LEMA_Eupeodes_corollae,MEEL_Diptera,MEEL_Episyrphus_balteatus,MEEL_Eupeodes_corollae,PLCO_Diptera,PLCO_Episyrphus_balteatus,RAPE_Diptera,SOAS_Diptera,SOAS_Episyrphus_balteatus,CHFU_Diptera,CHFU_Episyrphus_balteatus,CHFU_Eupeodes_corollae,CHFU_Hymenoptera",0,0,0,0,0,0,"species",NA
"4","CHFU",2020,"class",2,"Forb,Grass",3,"Forb_Grass,Forb_CHFU,Grass_CHFU",4,"beetle,bug,grasshopper,snail",11,"Forb_beetle,Forb_bug,Forb_grasshopper,Forb_snail,Grass_beetle,Grass_bug,Grass_snail,CHFU_beetle,CHFU_bug,CHFU_grasshopper,CHFU_snail",3,"bee,beetle,fly",9,"Forb_bee,Forb_beetle,Forb_fly,Grass_bee,Grass_beetle,Grass_fly,CHFU_bee,CHFU_beetle,CHFU_fly",0,0,0,0,0,0,"group",NA
"5","CHFU",2020,"family",9,"Amaranthaceae,Asteraceae,Brassicaceae,Caryophyllaceae,Fabaceae,Gentianaceae,Plantaginaceae,Poaceae,Primulacea",45,"Amaranthaceae_Asteraceae,Amaranthaceae_Brassicaceae,Amaranthaceae_Caryophyllaceae,Amaranthaceae_Fabaceae,Amaranthaceae_Gentianaceae,Amaranthaceae_Plantaginaceae,Amaranthaceae_Poaceae,Amaranthaceae_Primulacea,Amaranthaceae_CHFU,Asteraceae_Brassicaceae,Asteraceae_Caryophyllaceae,Asteraceae_Fabaceae,Asteraceae_Gentianaceae,Asteraceae_Plantaginaceae,Asteraceae_Poaceae,Asteraceae_Primulacea,Asteraceae_CHFU,Brassicaceae_Caryophyllaceae,Brassicaceae_Fabaceae,Brassicaceae_Gentianaceae,Brassicaceae_Plantaginaceae,Brassicaceae_Poaceae,Brassicaceae_Primulacea,Brassicaceae_CHFU,Caryophyllaceae_Fabaceae,Caryophyllaceae_Gentianaceae,Caryophyllaceae_Plantaginaceae,Caryophyllaceae_Poaceae,Caryophyllaceae_Primulacea,Caryophyllaceae_CHFU,Fabaceae_Gentianaceae,Fabaceae_Plantaginaceae,Fabaceae_Poaceae,Fabaceae_Primulacea,Fabaceae_CHFU,Gentianaceae_Plantaginaceae,Gentianaceae_Poaceae,Gentianaceae_Primulacea,Gentianaceae_CHFU,Plantaginaceae_Poaceae,Plantaginaceae_Primulacea,Plantaginaceae_CHFU,Poaceae_Primulacea,Poaceae_CHFU,Primulacea_CHFU",4,"Helicidae,Melyridae,Miridae,Nitidulidae",20,"Amaranthaceae_Helicidae,Amaranthaceae_Melyridae,Amaranthaceae_Miridae,Amaranthaceae_Nitidulidae,Asteraceae_Helicidae,Asteraceae_Melyridae,Asteraceae_Miridae,Asteraceae_Nitidulidae,Caryophyllaceae_Melyridae,Gentianaceae_Helicidae,Gentianaceae_Melyridae,Gentianaceae_Miridae,Plantaginaceae_Melyridae,Poaceae_Helicidae,Poaceae_Melyridae,Poaceae_Miridae,Poaceae_Nitidulidae,CHFU_Helicidae,CHFU_Melyridae,CHFU_Miridae",3,"Andrenidae,Apidae,Sarcophagidae",14,"Amaranthaceae_Andrenidae,Amaranthaceae_Apidae,Asteraceae_Andrenidae,Asteraceae_Apidae,Asteraceae_Sarcophagidae,Caryophyllaceae_Andrenidae,Fabaceae_Andrenidae,Gentianaceae_Andrenidae,Gentianaceae_Apidae,Plantaginaceae_Andrenidae,Poaceae_Andrenidae,Poaceae_Sarcophagidae,CHFU_Andrenidae,CHFU_Sarcophagidae",0,0,0,0,0,0,"family",NA
"6","CHFU",2020,"code.plant",19,"ANAR,BEMA,CETE,CHMI,COSQ,HOMA,LEMA,MEPO,MESU,PAIN,PLCO,POMA,POMO,PUPA,SASO,SCLA,SOAS,SPRU,SUSP",190,"ANAR_BEMA,ANAR_CETE,ANAR_CHFU,ANAR_CHMI,ANAR_COSQ,ANAR_HOMA,ANAR_LEMA,ANAR_MEPO,ANAR_MESU,ANAR_PAIN,ANAR_PLCO,ANAR_POMA,ANAR_POMO,ANAR_PUPA,ANAR_SASO,ANAR_SCLA,ANAR_SOAS,ANAR_SPRU,ANAR_SUSP,BEMA_CETE,BEMA_CHFU,BEMA_CHMI,BEMA_COSQ,BEMA_HOMA,BEMA_LEMA,BEMA_MEPO,BEMA_MESU,BEMA_PAIN,BEMA_PLCO,BEMA_POMA,BEMA_POMO,BEMA_PUPA,BEMA_SASO,BEMA_SCLA,BEMA_SOAS,BEMA_SPRU,BEMA_SUSP,CETE_CHFU,CETE_CHMI,CETE_COSQ,CETE_HOMA,CETE_LEMA,CETE_MEPO,CETE_MESU,CETE_PAIN,CETE_PLCO,CETE_POMA,CETE_POMO,CETE_PUPA,CETE_SASO,CETE_SCLA,CETE_SOAS,CETE_SPRU,CETE_SUSP,CHFU_CHMI,CHFU_COSQ,CHFU_HOMA,CHFU_LEMA,CHFU_MEPO,CHFU_MESU,CHFU_PAIN,CHFU_PLCO,CHFU_POMA,CHFU_POMO,CHFU_PUPA,CHFU_SASO,CHFU_SCLA,CHFU_SOAS,CHFU_SPRU,CHFU_SUSP,CHMI_COSQ,CHMI_HOMA,CHMI_LEMA,CHMI_MEPO,CHMI_MESU,CHMI_PAIN,CHMI_PLCO,CHMI_POMA,CHMI_POMO,CHMI_PUPA,CHMI_SASO,CHMI_SCLA,CHMI_SOAS,CHMI_SPRU,CHMI_SUSP,COSQ_HOMA,COSQ_LEMA,COSQ_MEPO,COSQ_MESU,COSQ_PAIN,COSQ_PLCO,COSQ_POMA,COSQ_POMO,COSQ_PUPA,COSQ_SASO,COSQ_SCLA,COSQ_SOAS,COSQ_SPRU,COSQ_SUSP,HOMA_LEMA,HOMA_MEPO,HOMA_MESU,HOMA_PAIN,HOMA_PLCO,HOMA_POMA,HOMA_POMO,HOMA_PUPA,HOMA_SASO,HOMA_SCLA,HOMA_SOAS,HOMA_SPRU,HOMA_SUSP,LEMA_MEPO,LEMA_MESU,LEMA_PAIN,LEMA_PLCO,LEMA_POMA,LEMA_POMO,LEMA_PUPA,LEMA_SASO,LEMA_SCLA,LEMA_SOAS,LEMA_SPRU,LEMA_SUSP,MEPO_MESU,MEPO_PAIN,MEPO_PLCO,MEPO_POMA,MEPO_POMO,MEPO_PUPA,MEPO_SASO,MEPO_SCLA,MEPO_SOAS,MEPO_SPRU,MEPO_SUSP,MESU_PAIN,MESU_PLCO,MESU_POMA,MESU_POMO,MESU_PUPA,MESU_SASO,MESU_SCLA,MESU_SOAS,MESU_SPRU,MESU_SUSP,PAIN_PLCO,PAIN_POMA,PAIN_POMO,PAIN_PUPA,PAIN_SASO,PAIN_SCLA,PAIN_SOAS,PAIN_SPRU,PAIN_SUSP,PLCO_POMA,PLCO_POMO,PLCO_PUPA,PLCO_SASO,PLCO_SCLA,PLCO_SOAS,PLCO_SPRU,PLCO_SUSP,POMA_POMO,POMA_PUPA,POMA_SASO,POMA_SCLA,POMA_SOAS,POMA_SPRU,POMA_SUSP,POMO_PUPA,POMO_SASO,POMO_SCLA,POMO_SOAS,POMO_SPRU,POMO_SUSP,PUPA_SASO,PUPA_SCLA,PUPA_SOAS,PUPA_SPRU,PUPA_SUSP,SASO_SCLA,SASO_SOAS,SASO_SPRU,SASO_SUSP,SCLA_SOAS,SCLA_SPRU,SCLA_SUSP,SOAS_SPRU,SOAS_SUSP,SPRU_SUSP",4,"Brassicogethes_spp,Miridae,Psilothrix_viridicoerulea,Theba_pisana",27,"BEMA_Miridae,BEMA_Psilothrix_viridicoerulea,BEMA_Theba_pisana,CETE_Miridae,CETE_Psilothrix_viridicoerulea,CETE_Theba_pisana,HOMA_Psilothrix_viridicoerulea,HOMA_Theba_pisana,LEMA_Brassicogethes_spp,LEMA_Miridae,LEMA_Psilothrix_viridicoerulea,PAIN_Brassicogethes_spp,PAIN_Psilothrix_viridicoerulea,PLCO_Psilothrix_viridicoerulea,POMA_Miridae,POMA_Psilothrix_viridicoerulea,POMA_Theba_pisana,PUPA_Psilothrix_viridicoerulea,SASO_Brassicogethes_spp,SCLA_Psilothrix_viridicoerulea,SOAS_Miridae,SOAS_Psilothrix_viridicoerulea,SOAS_Theba_pisana,SPRU_Psilothrix_viridicoerulea,CHFU_Miridae,CHFU_Psilothrix_viridicoerulea,CHFU_Theba_pisana",5,"Andrena_humilis,Brassicogethes_spp,Diptera,Eupeodes_corollae,Sarcophaga_spp",24,"BEMA_Brassicogethes_spp,BEMA_Diptera,CETE_Diptera,HOMA_Brassicogethes_spp,HOMA_Diptera,LEMA_Brassicogethes_spp,LEMA_Diptera,LEMA_Eupeodes_corollae,LEMA_Sarcophaga_spp,MESU_Diptera,PAIN_Brassicogethes_spp,PLCO_Diptera,PLCO_Eupeodes_corollae,POMA_Diptera,POMA_Sarcophaga_spp,POMO_Diptera,PUPA_Diptera,PUPA_Eupeodes_corollae,SASO_Diptera,SCLA_Sarcophaga_spp,SOAS_Diptera,SPRU_Diptera,CHFU_Diptera,CHFU_Sarcophaga_spp",0,0,0,0,0,0,"species",NA
"7","CHFU",2021,"class",2,"Forb,Grass",3,"Forb_Grass,Forb_CHFU,Grass_CHFU",2,"bug,snail",4,"Forb_bug,Forb_snail,Grass_bug,CHFU_bug",2,"bee,fly",6,"Forb_bee,Forb_fly,Grass_bee,Grass_fly,CHFU_bee,CHFU_fly",0,0,0,0,0,0,"group",NA
"8","CHFU",2021,"family",8,"Amaranthaceae,Asteraceae,Caryophyllaceae,Fabaceae,Gentianaceae,Plantaginaceae,Poaceae,Primulacea",36,"Amaranthaceae_Asteraceae,Amaranthaceae_Caryophyllaceae,Amaranthaceae_Fabaceae,Amaranthaceae_Gentianaceae,Amaranthaceae_Plantaginaceae,Amaranthaceae_Poaceae,Amaranthaceae_Primulacea,Amaranthaceae_CHFU,Asteraceae_Caryophyllaceae,Asteraceae_Fabaceae,Asteraceae_Gentianaceae,Asteraceae_Plantaginaceae,Asteraceae_Poaceae,Asteraceae_Primulacea,Asteraceae_CHFU,Caryophyllaceae_Fabaceae,Caryophyllaceae_Gentianaceae,Caryophyllaceae_Plantaginaceae,Caryophyllaceae_Poaceae,Caryophyllaceae_Primulacea,Caryophyllaceae_CHFU,Fabaceae_Gentianaceae,Fabaceae_Plantaginaceae,Fabaceae_Poaceae,Fabaceae_Primulacea,Fabaceae_CHFU,Gentianaceae_Plantaginaceae,Gentianaceae_Poaceae,Gentianaceae_Primulacea,Gentianaceae_CHFU,Plantaginaceae_Poaceae,Plantaginaceae_Primulacea,Plantaginaceae_CHFU,Poaceae_Primulacea,Poaceae_CHFU,Primulacea_CHFU",2,"Aphididae,Helicidae",8,"Asteraceae_Aphididae,Asteraceae_Helicidae,Fabaceae_Aphididae,Gentianaceae_Aphididae,Gentianaceae_Helicidae,Plantaginaceae_Helicidae,Poaceae_Aphididae,CHFU_Aphididae",2,"Bombyliidae,Sarcophagidae",11,"Asteraceae_Bombyliidae,Asteraceae_Sarcophagidae,Caryophyllaceae_Sarcophagidae,Fabaceae_Sarcophagidae,Gentianaceae_Bombyliidae,Gentianaceae_Sarcophagidae,Plantaginaceae_Bombyliidae,Plantaginaceae_Sarcophagidae,Poaceae_Sarcophagidae,CHFU_Bombyliidae,CHFU_Sarcophagidae",1,0,0,0,0,0,"family","Gentianaceae"
"9","CHFU",2021,"code.plant",17,"ANAR,BEMA,CETE,CHMI,HOMA,LEMA,MEPO,MESU,PAIN,PLCO,POMA,POMO,SASO,SCLA,SOAS,SPRU,SUSP",153,"ANAR_BEMA,ANAR_CETE,ANAR_CHFU,ANAR_CHMI,ANAR_HOMA,ANAR_LEMA,ANAR_MEPO,ANAR_MESU,ANAR_PAIN,ANAR_PLCO,ANAR_POMA,ANAR_POMO,ANAR_SASO,ANAR_SCLA,ANAR_SOAS,ANAR_SPRU,ANAR_SUSP,BEMA_CETE,BEMA_CHFU,BEMA_CHMI,BEMA_HOMA,BEMA_LEMA,BEMA_MEPO,BEMA_MESU,BEMA_PAIN,BEMA_PLCO,BEMA_POMA,BEMA_POMO,BEMA_SASO,BEMA_SCLA,BEMA_SOAS,BEMA_SPRU,BEMA_SUSP,CETE_CHFU,CETE_CHMI,CETE_HOMA,CETE_LEMA,CETE_MEPO,CETE_MESU,CETE_PAIN,CETE_PLCO,CETE_POMA,CETE_POMO,CETE_SASO,CETE_SCLA,CETE_SOAS,CETE_SPRU,CETE_SUSP,CHFU_CHMI,CHFU_HOMA,CHFU_LEMA,CHFU_MEPO,CHFU_MESU,CHFU_PAIN,CHFU_PLCO,CHFU_POMA,CHFU_POMO,CHFU_SASO,CHFU_SCLA,CHFU_SOAS,CHFU_SPRU,CHFU_SUSP,CHMI_HOMA,CHMI_LEMA,CHMI_MEPO,CHMI_MESU,CHMI_PAIN,CHMI_PLCO,CHMI_POMA,CHMI_POMO,CHMI_SASO,CHMI_SCLA,CHMI_SOAS,CHMI_SPRU,CHMI_SUSP,HOMA_LEMA,HOMA_MEPO,HOMA_MESU,HOMA_PAIN,HOMA_PLCO,HOMA_POMA,HOMA_POMO,HOMA_SASO,HOMA_SCLA,HOMA_SOAS,HOMA_SPRU,HOMA_SUSP,LEMA_MEPO,LEMA_MESU,LEMA_PAIN,LEMA_PLCO,LEMA_POMA,LEMA_POMO,LEMA_SASO,LEMA_SCLA,LEMA_SOAS,LEMA_SPRU,LEMA_SUSP,MEPO_MESU,MEPO_PAIN,MEPO_PLCO,MEPO_POMA,MEPO_POMO,MEPO_SASO,MEPO_SCLA,MEPO_SOAS,MEPO_SPRU,MEPO_SUSP,MESU_PAIN,MESU_PLCO,MESU_POMA,MESU_POMO,MESU_SASO,MESU_SCLA,MESU_SOAS,MESU_SPRU,MESU_SUSP,PAIN_PLCO,PAIN_POMA,PAIN_POMO,PAIN_SASO,PAIN_SCLA,PAIN_SOAS,PAIN_SPRU,PAIN_SUSP,PLCO_POMA,PLCO_POMO,PLCO_SASO,PLCO_SCLA,PLCO_SOAS,PLCO_SPRU,PLCO_SUSP,POMA_POMO,POMA_SASO,POMA_SCLA,POMA_SOAS,POMA_SPRU,POMA_SUSP,POMO_SASO,POMO_SCLA,POMO_SOAS,POMO_SPRU,POMO_SUSP,SASO_SCLA,SASO_SOAS,SASO_SPRU,SASO_SUSP,SCLA_SOAS,SCLA_SPRU,SCLA_SUSP,SOAS_SPRU,SOAS_SUSP,SPRU_SUSP",2,"Aphis_fabae,Theba_pisana",12,"CETE_Aphis_fabae,CETE_Theba_pisana,HOMA_Aphis_fabae,LEMA_Aphis_fabae,LEMA_Theba_pisana,MESU_Aphis_fabae,PAIN_Aphis_fabae,PLCO_Theba_pisana,SCLA_Aphis_fabae,SCLA_Theba_pisana,SOAS_Aphis_fabae,CHFU_Aphis_fabae",6,"Bombyliidae,Diptera,Episyrphus_balteatus,Eupeodes_corollae,Hymenoptera,Sarcophaga_spp",55,"ANAR_Diptera,ANAR_Hymenoptera,BEMA_Diptera,BEMA_Episyrphus_balteatus,CETE_Bombyliidae,CETE_Diptera,CETE_Episyrphus_balteatus,CETE_Hymenoptera,CETE_Sarcophaga_spp,CHMI_Diptera,HOMA_Diptera,HOMA_Episyrphus_balteatus,HOMA_Hymenoptera,HOMA_Sarcophaga_spp,LEMA_Bombyliidae,LEMA_Diptera,LEMA_Hymenoptera,LEMA_Sarcophaga_spp,MEPO_Diptera,MEPO_Sarcophaga_spp,MESU_Diptera,MESU_Episyrphus_balteatus,MESU_Hymenoptera,MESU_Sarcophaga_spp,PAIN_Diptera,PAIN_Hymenoptera,PAIN_Sarcophaga_spp,PLCO_Bombyliidae,PLCO_Diptera,PLCO_Episyrphus_balteatus,PLCO_Eupeodes_corollae,PLCO_Hymenoptera,PLCO_Sarcophaga_spp,POMA_Diptera,POMA_Episyrphus_balteatus,POMA_Hymenoptera,POMA_Sarcophaga_spp,POMO_Diptera,SASO_Diptera,SCLA_Diptera,SOAS_Bombyliidae,SOAS_Diptera,SOAS_Episyrphus_balteatus,SOAS_Hymenoptera,SOAS_Sarcophaga_spp,SPRU_Diptera,SPRU_Hymenoptera,SPRU_Sarcophaga_spp,SUSP_Diptera,CHFU_Bombyliidae,CHFU_Diptera,CHFU_Episyrphus_balteatus,CHFU_Eupeodes_corollae,CHFU_Hymenoptera,CHFU_Sarcophaga_spp",0,0,0,0,0,0,"species",NA
"10","CETE",2019,"class",2,"Forb,Grass",3,"Forb_Grass,Forb_CETE,Grass_CETE",1,"snail",3,"Forb_snail,Grass_snail,CETE_snail",NA,NA,NA,NA,0,NA,0,0,0,NA,"group",NA
"11","CETE",2019,"family",6,"Amaranthaceae,Asteraceae,Caryophyllaceae,Fabaceae,Plantaginaceae,Poaceae",21,"Amaranthaceae_Asteraceae,Amaranthaceae_Caryophyllaceae,Amaranthaceae_Fabaceae,Amaranthaceae_Plantaginaceae,Amaranthaceae_Poaceae,Amaranthaceae_CETE,Asteraceae_Caryophyllaceae,Asteraceae_Fabaceae,Asteraceae_Plantaginaceae,Asteraceae_Poaceae,Asteraceae_CETE,Caryophyllaceae_Fabaceae,Caryophyllaceae_Plantaginaceae,Caryophyllaceae_Poaceae,Caryophyllaceae_CETE,Fabaceae_Plantaginaceae,Fabaceae_Poaceae,Fabaceae_CETE,Plantaginaceae_Poaceae,Plantaginaceae_CETE,Poaceae_CETE",2,"Geomitridae,Helicidae",10,"Amaranthaceae_Geomitridae,Amaranthaceae_Helicidae,Asteraceae_Geomitridae,Asteraceae_Helicidae,Caryophyllaceae_Helicidae,Fabaceae_Helicidae,Plantaginaceae_Helicidae,Poaceae_Geomitridae,Poaceae_Helicidae,CETE_Helicidae",NA,NA,NA,NA,0,NA,0,0,0,NA,"family",NA
"12","CETE",2019,"code.plant",11,"BEMA,HOMA,LEMA,MESU,PAIN,PLCO,POMA,POMO,PUPA,SASO,SPRU",66,"BEMA_CETE,BEMA_HOMA,BEMA_LEMA,BEMA_MESU,BEMA_PAIN,BEMA_PLCO,BEMA_POMA,BEMA_POMO,BEMA_PUPA,BEMA_SASO,BEMA_SPRU,CETE_HOMA,CETE_LEMA,CETE_MESU,CETE_PAIN,CETE_PLCO,CETE_POMA,CETE_POMO,CETE_PUPA,CETE_SASO,CETE_SPRU,HOMA_LEMA,HOMA_MESU,HOMA_PAIN,HOMA_PLCO,HOMA_POMA,HOMA_POMO,HOMA_PUPA,HOMA_SASO,HOMA_SPRU,LEMA_MESU,LEMA_PAIN,LEMA_PLCO,LEMA_POMA,LEMA_POMO,LEMA_PUPA,LEMA_SASO,LEMA_SPRU,MESU_PAIN,MESU_PLCO,MESU_POMA,MESU_POMO,MESU_PUPA,MESU_SASO,MESU_SPRU,PAIN_PLCO,PAIN_POMA,PAIN_POMO,PAIN_PUPA,PAIN_SASO,PAIN_SPRU,PLCO_POMA,PLCO_POMO,PLCO_PUPA,PLCO_SASO,PLCO_SPRU,POMA_POMO,POMA_PUPA,POMA_SASO,POMA_SPRU,POMO_PUPA,POMO_SASO,POMO_SPRU,PUPA_SASO,PUPA_SPRU,SASO_SPRU",2,"Cochlicella_barbara,Theba_pisana",14,"BEMA_Cochlicella_barbara,BEMA_Theba_pisana,HOMA_Theba_pisana,LEMA_Theba_pisana,MESU_Theba_pisana,PLCO_Theba_pisana,POMA_Cochlicella_barbara,POMA_Theba_pisana,POMO_Theba_pisana,PUPA_Cochlicella_barbara,PUPA_Theba_pisana,SASO_Theba_pisana,SPRU_Theba_pisana,CETE_Theba_pisana",NA,NA,NA,NA,0,NA,0,0,0,NA,"species",NA
"13","CETE",2020,"class",2,"Forb,Grass",3,"Forb_Grass,Forb_CETE,Grass_CETE",2,"beetle,snail",4,"Forb_beetle,Forb_snail,Grass_snail,CETE_snail",2,"bee,fly",6,"Forb_bee,Forb_fly,Grass_bee,Grass_fly,CETE_bee,CETE_fly",0,0,0,0,0,0,"group",NA
"14","CETE",2020,"family",7,"Amaranthaceae,Asteraceae,Caryophyllaceae,Fabaceae,Plantaginaceae,Poaceae,Primulacea",28,"Amaranthaceae_Asteraceae,Amaranthaceae_Caryophyllaceae,Amaranthaceae_Fabaceae,Amaranthaceae_Plantaginaceae,Amaranthaceae_Poaceae,Amaranthaceae_Primulacea,Amaranthaceae_CETE,Asteraceae_Caryophyllaceae,Asteraceae_Fabaceae,Asteraceae_Plantaginaceae,Asteraceae_Poaceae,Asteraceae_Primulacea,Asteraceae_CETE,Caryophyllaceae_Fabaceae,Caryophyllaceae_Plantaginaceae,Caryophyllaceae_Poaceae,Caryophyllaceae_Primulacea,Caryophyllaceae_CETE,Fabaceae_Plantaginaceae,Fabaceae_Poaceae,Fabaceae_Primulacea,Fabaceae_CETE,Plantaginaceae_Poaceae,Plantaginaceae_Primulacea,Plantaginaceae_CETE,Poaceae_Primulacea,Poaceae_CETE,Primulacea_CETE",1,"Helicidae",6,"Amaranthaceae_Helicidae,Asteraceae_Helicidae,Caryophyllaceae_Helicidae,Plantaginaceae_Helicidae,Poaceae_Helicidae,CETE_Helicidae",2,"Andrenidae,Bombyliidae",7,"Amaranthaceae_Bombyliidae,Asteraceae_Andrenidae,Asteraceae_Bombyliidae,Plantaginaceae_Andrenidae,Poaceae_Bombyliidae,CETE_Andrenidae,CETE_Bombyliidae",0,0,0,0,0,0,"family",NA
"15","CETE",2020,"code.plant",18,"ACHI,ANAR,BEMA,CHFU,CHMI,HOMA,LEMA,MEEL,MESU,PAIN,PLCO,POMA,POMO,PUPA,SASO,SCLA,SOAS,SPRU",171,"ACHI_ANAR,ACHI_BEMA,ACHI_CETE,ACHI_CHFU,ACHI_CHMI,ACHI_HOMA,ACHI_LEMA,ACHI_MEEL,ACHI_MESU,ACHI_PAIN,ACHI_PLCO,ACHI_POMA,ACHI_POMO,ACHI_PUPA,ACHI_SASO,ACHI_SCLA,ACHI_SOAS,ACHI_SPRU,ANAR_BEMA,ANAR_CETE,ANAR_CHFU,ANAR_CHMI,ANAR_HOMA,ANAR_LEMA,ANAR_MEEL,ANAR_MESU,ANAR_PAIN,ANAR_PLCO,ANAR_POMA,ANAR_POMO,ANAR_PUPA,ANAR_SASO,ANAR_SCLA,ANAR_SOAS,ANAR_SPRU,BEMA_CETE,BEMA_CHFU,BEMA_CHMI,BEMA_HOMA,BEMA_LEMA,BEMA_MEEL,BEMA_MESU,BEMA_PAIN,BEMA_PLCO,BEMA_POMA,BEMA_POMO,BEMA_PUPA,BEMA_SASO,BEMA_SCLA,BEMA_SOAS,BEMA_SPRU,CETE_CHFU,CETE_CHMI,CETE_HOMA,CETE_LEMA,CETE_MEEL,CETE_MESU,CETE_PAIN,CETE_PLCO,CETE_POMA,CETE_POMO,CETE_PUPA,CETE_SASO,CETE_SCLA,CETE_SOAS,CETE_SPRU,CHFU_CHMI,CHFU_HOMA,CHFU_LEMA,CHFU_MEEL,CHFU_MESU,CHFU_PAIN,CHFU_PLCO,CHFU_POMA,CHFU_POMO,CHFU_PUPA,CHFU_SASO,CHFU_SCLA,CHFU_SOAS,CHFU_SPRU,CHMI_HOMA,CHMI_LEMA,CHMI_MEEL,CHMI_MESU,CHMI_PAIN,CHMI_PLCO,CHMI_POMA,CHMI_POMO,CHMI_PUPA,CHMI_SASO,CHMI_SCLA,CHMI_SOAS,CHMI_SPRU,HOMA_LEMA,HOMA_MEEL,HOMA_MESU,HOMA_PAIN,HOMA_PLCO,HOMA_POMA,HOMA_POMO,HOMA_PUPA,HOMA_SASO,HOMA_SCLA,HOMA_SOAS,HOMA_SPRU,LEMA_MEEL,LEMA_MESU,LEMA_PAIN,LEMA_PLCO,LEMA_POMA,LEMA_POMO,LEMA_PUPA,LEMA_SASO,LEMA_SCLA,LEMA_SOAS,LEMA_SPRU,MEEL_MESU,MEEL_PAIN,MEEL_PLCO,MEEL_POMA,MEEL_POMO,MEEL_PUPA,MEEL_SASO,MEEL_SCLA,MEEL_SOAS,MEEL_SPRU,MESU_PAIN,MESU_PLCO,MESU_POMA,MESU_POMO,MESU_PUPA,MESU_SASO,MESU_SCLA,MESU_SOAS,MESU_SPRU,PAIN_PLCO,PAIN_POMA,PAIN_POMO,PAIN_PUPA,PAIN_SASO,PAIN_SCLA,PAIN_SOAS,PAIN_SPRU,PLCO_POMA,PLCO_POMO,PLCO_PUPA,PLCO_SASO,PLCO_SCLA,PLCO_SOAS,PLCO_SPRU,POMA_POMO,POMA_PUPA,POMA_SASO,POMA_SCLA,POMA_SOAS,POMA_SPRU,POMO_PUPA,POMO_SASO,POMO_SCLA,POMO_SOAS,POMO_SPRU,PUPA_SASO,PUPA_SCLA,PUPA_SOAS,PUPA_SPRU,SASO_SCLA,SASO_SOAS,SASO_SPRU,SCLA_SOAS,SCLA_SPRU,SOAS_SPRU",1,"Theba_pisana",10,"BEMA_Theba_pisana,CHFU_Theba_pisana,HOMA_Theba_pisana,LEMA_Theba_pisana,PAIN_Theba_pisana,PLCO_Theba_pisana,POMA_Theba_pisana,PUPA_Theba_pisana,SPRU_Theba_pisana,CETE_Theba_pisana",1,"Bombyliidae",4,"BEMA_Bombyliidae,LEMA_Bombyliidae,SCLA_Bombyliidae,SOAS_Bombyliidae",0,0,0,0,0,0,"species",NA
"16","CETE",2021,"class",2,"Forb,Grass",3,"Forb_Grass,Forb_CETE,Grass_CETE",1,"snail",3,"Forb_snail,Grass_snail,CETE_snail",3,"beetle,butterfly,fly",6,"Forb_beetle,Forb_butterfly,Forb_fly,Grass_beetle,CETE_beetle,CETE_fly",0,0,0,0,0,0,"group",NA
"17","CETE",2021,"family",7,"Amaranthaceae,Asteraceae,Caryophyllaceae,Fabaceae,Plantaginaceae,Poaceae,Primulacea",28,"Amaranthaceae_Asteraceae,Amaranthaceae_Caryophyllaceae,Amaranthaceae_Fabaceae,Amaranthaceae_Plantaginaceae,Amaranthaceae_Poaceae,Amaranthaceae_Primulacea,Amaranthaceae_CETE,Asteraceae_Caryophyllaceae,Asteraceae_Fabaceae,Asteraceae_Plantaginaceae,Asteraceae_Poaceae,Asteraceae_Primulacea,Asteraceae_CETE,Caryophyllaceae_Fabaceae,Caryophyllaceae_Plantaginaceae,Caryophyllaceae_Poaceae,Caryophyllaceae_Primulacea,Caryophyllaceae_CETE,Fabaceae_Plantaginaceae,Fabaceae_Poaceae,Fabaceae_Primulacea,Fabaceae_CETE,Plantaginaceae_Poaceae,Plantaginaceae_Primulacea,Plantaginaceae_CETE,Poaceae_Primulacea,Poaceae_CETE,Primulacea_CETE",2,"Geomitridae,Helicidae",9,"Asteraceae_Geomitridae,Asteraceae_Helicidae,Caryophyllaceae_Geomitridae,Caryophyllaceae_Helicidae,Fabaceae_Helicidae,Plantaginaceae_Helicidae,Poaceae_Helicidae,CETE_Geomitridae,CETE_Helicidae",NA,NA,NA,NA,0,NA,0,0,0,NA,"family",NA
"18","CETE",2021,"code.plant",16,"ACHI,ANAR,BEMA,CHFU,HOMA,LEMA,MEEL,MESU,PAIN,PLCO,POMA,POMO,SASO,SCLA,SOAS,SPRU",136,"ACHI_ANAR,ACHI_BEMA,ACHI_CETE,ACHI_CHFU,ACHI_HOMA,ACHI_LEMA,ACHI_MEEL,ACHI_MESU,ACHI_PAIN,ACHI_PLCO,ACHI_POMA,ACHI_POMO,ACHI_SASO,ACHI_SCLA,ACHI_SOAS,ACHI_SPRU,ANAR_BEMA,ANAR_CETE,ANAR_CHFU,ANAR_HOMA,ANAR_LEMA,ANAR_MEEL,ANAR_MESU,ANAR_PAIN,ANAR_PLCO,ANAR_POMA,ANAR_POMO,ANAR_SASO,ANAR_SCLA,ANAR_SOAS,ANAR_SPRU,BEMA_CETE,BEMA_CHFU,BEMA_HOMA,BEMA_LEMA,BEMA_MEEL,BEMA_MESU,BEMA_PAIN,BEMA_PLCO,BEMA_POMA,BEMA_POMO,BEMA_SASO,BEMA_SCLA,BEMA_SOAS,BEMA_SPRU,CETE_CHFU,CETE_HOMA,CETE_LEMA,CETE_MEEL,CETE_MESU,CETE_PAIN,CETE_PLCO,CETE_POMA,CETE_POMO,CETE_SASO,CETE_SCLA,CETE_SOAS,CETE_SPRU,CHFU_HOMA,CHFU_LEMA,CHFU_MEEL,CHFU_MESU,CHFU_PAIN,CHFU_PLCO,CHFU_POMA,CHFU_POMO,CHFU_SASO,CHFU_SCLA,CHFU_SOAS,CHFU_SPRU,HOMA_LEMA,HOMA_MEEL,HOMA_MESU,HOMA_PAIN,HOMA_PLCO,HOMA_POMA,HOMA_POMO,HOMA_SASO,HOMA_SCLA,HOMA_SOAS,HOMA_SPRU,LEMA_MEEL,LEMA_MESU,LEMA_PAIN,LEMA_PLCO,LEMA_POMA,LEMA_POMO,LEMA_SASO,LEMA_SCLA,LEMA_SOAS,LEMA_SPRU,MEEL_MESU,MEEL_PAIN,MEEL_PLCO,MEEL_POMA,MEEL_POMO,MEEL_SASO,MEEL_SCLA,MEEL_SOAS,MEEL_SPRU,MESU_PAIN,MESU_PLCO,MESU_POMA,MESU_POMO,MESU_SASO,MESU_SCLA,MESU_SOAS,MESU_SPRU,PAIN_PLCO,PAIN_POMA,PAIN_POMO,PAIN_SASO,PAIN_SCLA,PAIN_SOAS,PAIN_SPRU,PLCO_POMA,PLCO_POMO,PLCO_SASO,PLCO_SCLA,PLCO_SOAS,PLCO_SPRU,POMA_POMO,POMA_SASO,POMA_SCLA,POMA_SOAS,POMA_SPRU,POMO_SASO,POMO_SCLA,POMO_SOAS,POMO_SPRU,SASO_SCLA,SASO_SOAS,SASO_SPRU,SCLA_SOAS,SCLA_SPRU,SOAS_SPRU",3,"Cochlicella_barbara,Otala_lactea,Theba_pisana",18,"CHFU_Cochlicella_barbara,HOMA_Theba_pisana,LEMA_Cochlicella_barbara,LEMA_Otala_lactea,LEMA_Theba_pisana,MESU_Theba_pisana,PAIN_Theba_pisana,PLCO_Otala_lactea,PLCO_Theba_pisana,POMA_Theba_pisana,POMO_Theba_pisana,SCLA_Theba_pisana,SOAS_Theba_pisana,SPRU_Cochlicella_barbara,SPRU_Otala_lactea,SPRU_Theba_pisana,CETE_Cochlicella_barbara,CETE_Theba_pisana",NA,NA,NA,NA,0,NA,0,0,0,NA,"species",NA
"19","HOMA",2019,"class",2,"Forb,Grass",3,"Forb_Grass,Forb_HOMA,Grass_HOMA",5,"beetle,bug,caterpillar,grasshopper,snail",15,"Forb_beetle,Forb_bug,Forb_caterpillar,Forb_grasshopper,Forb_snail,Grass_beetle,Grass_bug,Grass_caterpillar,Grass_grasshopper,Grass_snail,HOMA_beetle,HOMA_bug,HOMA_caterpillar,HOMA_grasshopper,HOMA_snail",1,"beetle",2,"Grass_beetle,HOMA_beetle",0,0,0,0,0,0,"group",NA
"20","HOMA",2019,"family",7,"Amaranthaceae,Asteraceae,Caryophyllaceae,Fabaceae,Gentianaceae,Plantaginaceae,Poaceae",28,"Amaranthaceae_Asteraceae,Amaranthaceae_Caryophyllaceae,Amaranthaceae_Fabaceae,Amaranthaceae_Gentianaceae,Amaranthaceae_Plantaginaceae,Amaranthaceae_Poaceae,Amaranthaceae_HOMA,Asteraceae_Caryophyllaceae,Asteraceae_Fabaceae,Asteraceae_Gentianaceae,Asteraceae_Plantaginaceae,Asteraceae_Poaceae,Asteraceae_HOMA,Caryophyllaceae_Fabaceae,Caryophyllaceae_Gentianaceae,Caryophyllaceae_Plantaginaceae,Caryophyllaceae_Poaceae,Caryophyllaceae_HOMA,Fabaceae_Gentianaceae,Fabaceae_Plantaginaceae,Fabaceae_Poaceae,Fabaceae_HOMA,Gentianaceae_Plantaginaceae,Gentianaceae_Poaceae,Gentianaceae_HOMA,Plantaginaceae_Poaceae,Plantaginaceae_HOMA,Poaceae_HOMA",10,"Acrididae,Aphididae,Geomitridae,Helicidae,Lasiocampidae,Melyridae,Miridae,Nitidulidae,Pyrrhocoridae,Tettigoniidae",50,"Amaranthaceae_Geomitridae,Amaranthaceae_Helicidae,Asteraceae_Acrididae,Asteraceae_Aphididae,Asteraceae_Geomitridae,Asteraceae_Helicidae,Asteraceae_Lasiocampidae,Asteraceae_Melyridae,Asteraceae_Miridae,Asteraceae_Nitidulidae,Asteraceae_Pyrrhocoridae,Asteraceae_Tettigoniidae,Caryophyllaceae_Acrididae,Caryophyllaceae_Geomitridae,Caryophyllaceae_Helicidae,Caryophyllaceae_Melyridae,Caryophyllaceae_Tettigoniidae,Fabaceae_Acrididae,Fabaceae_Geomitridae,Fabaceae_Helicidae,Fabaceae_Lasiocampidae,Fabaceae_Melyridae,Fabaceae_Nitidulidae,Fabaceae_Tettigoniidae,Gentianaceae_Geomitridae,Gentianaceae_Helicidae,Plantaginaceae_Acrididae,Plantaginaceae_Geomitridae,Plantaginaceae_Helicidae,Plantaginaceae_Melyridae,Plantaginaceae_Tettigoniidae,Poaceae_Acrididae,Poaceae_Aphididae,Poaceae_Geomitridae,Poaceae_Helicidae,Poaceae_Lasiocampidae,Poaceae_Melyridae,Poaceae_Miridae,Poaceae_Nitidulidae,Poaceae_Tettigoniidae,HOMA_Acrididae,HOMA_Aphididae,HOMA_Geomitridae,HOMA_Helicidae,HOMA_Lasiocampidae,HOMA_Melyridae,HOMA_Miridae,HOMA_Nitidulidae,HOMA_Pyrrhocoridae,HOMA_Tettigoniidae",NA,NA,NA,NA,0,NA,0,0,0,NA,"family",NA
"21","HOMA",2019,"code.plant",12,"BEMA,CETE,CHFU,LEMA,MEEL,MESU,PAIN,PLCO,POMA,POMO,SOAS,SPRU",78,"BEMA_CETE,BEMA_CHFU,BEMA_HOMA,BEMA_LEMA,BEMA_MEEL,BEMA_MESU,BEMA_PAIN,BEMA_PLCO,BEMA_POMA,BEMA_POMO,BEMA_SOAS,BEMA_SPRU,CETE_CHFU,CETE_HOMA,CETE_LEMA,CETE_MEEL,CETE_MESU,CETE_PAIN,CETE_PLCO,CETE_POMA,CETE_POMO,CETE_SOAS,CETE_SPRU,CHFU_HOMA,CHFU_LEMA,CHFU_MEEL,CHFU_MESU,CHFU_PAIN,CHFU_PLCO,CHFU_POMA,CHFU_POMO,CHFU_SOAS,CHFU_SPRU,HOMA_LEMA,HOMA_MEEL,HOMA_MESU,HOMA_PAIN,HOMA_PLCO,HOMA_POMA,HOMA_POMO,HOMA_SOAS,HOMA_SPRU,LEMA_MEEL,LEMA_MESU,LEMA_PAIN,LEMA_PLCO,LEMA_POMA,LEMA_POMO,LEMA_SOAS,LEMA_SPRU,MEEL_MESU,MEEL_PAIN,MEEL_PLCO,MEEL_POMA,MEEL_POMO,MEEL_SOAS,MEEL_SPRU,MESU_PAIN,MESU_PLCO,MESU_POMA,MESU_POMO,MESU_SOAS,MESU_SPRU,PAIN_PLCO,PAIN_POMA,PAIN_POMO,PAIN_SOAS,PAIN_SPRU,PLCO_POMA,PLCO_POMO,PLCO_SOAS,PLCO_SPRU,POMA_POMO,POMA_SOAS,POMA_SPRU,POMO_SOAS,POMO_SPRU,SOAS_SPRU",15,"Aphis_fabae,Brassicogethes_spp,Cochlicella_barbara,Conocephalus_dorsalis,Dociostaurus_jagoi,Gastropoda,Lasiocampa_trifolii_larva,Lepidoptera_larva,Miridae,Otala_lactea,Pentatomidae,Psilothrix_viridicoerulea,Pyrrhocoris_apterus,Tessellana_tessellata,Theba_pisana",82,"BEMA_Cochlicella_barbara,BEMA_Theba_pisana,CETE_Cochlicella_barbara,CETE_Theba_pisana,CHFU_Cochlicella_barbara,CHFU_Gastropoda,CHFU_Lepidoptera_larva,CHFU_Miridae,CHFU_Theba_pisana,LEMA_Aphis_fabae,LEMA_Brassicogethes_spp,LEMA_Cochlicella_barbara,LEMA_Conocephalus_dorsalis,LEMA_Dociostaurus_jagoi,LEMA_Gastropoda,LEMA_Lasiocampa_trifolii_larva,LEMA_Lepidoptera_larva,LEMA_Miridae,LEMA_Otala_lactea,LEMA_Pentatomidae,LEMA_Psilothrix_viridicoerulea,LEMA_Pyrrhocoris_apterus,LEMA_Tessellana_tessellata,LEMA_Theba_pisana,MEEL_Brassicogethes_spp,MEEL_Cochlicella_barbara,MEEL_Conocephalus_dorsalis,MEEL_Lasiocampa_trifolii_larva,MEEL_Otala_lactea,MEEL_Psilothrix_viridicoerulea,MEEL_Tessellana_tessellata,MEEL_Theba_pisana,MESU_Brassicogethes_spp,MESU_Cochlicella_barbara,MESU_Lasiocampa_trifolii_larva,MESU_Otala_lactea,MESU_Pentatomidae,MESU_Psilothrix_viridicoerulea,MESU_Tessellana_tessellata,MESU_Theba_pisana,PAIN_Cochlicella_barbara,PLCO_Cochlicella_barbara,PLCO_Conocephalus_dorsalis,PLCO_Pentatomidae,PLCO_Psilothrix_viridicoerulea,PLCO_Tessellana_tessellata,PLCO_Theba_pisana,POMA_Aphis_fabae,POMA_Brassicogethes_spp,POMA_Cochlicella_barbara,POMA_Conocephalus_dorsalis,POMA_Gastropoda,POMA_Lasiocampa_trifolii_larva,POMA_Lepidoptera_larva,POMA_Miridae,POMA_Otala_lactea,POMA_Pentatomidae,POMA_Psilothrix_viridicoerulea,POMA_Tessellana_tessellata,POMA_Theba_pisana,POMO_Cochlicella_barbara,POMO_Gastropoda,POMO_Theba_pisana,SPRU_Cochlicella_barbara,SPRU_Conocephalus_dorsalis,SPRU_Psilothrix_viridicoerulea,SPRU_Theba_pisana,HOMA_Aphis_fabae,HOMA_Brassicogethes_spp,HOMA_Cochlicella_barbara,HOMA_Conocephalus_dorsalis,HOMA_Dociostaurus_jagoi,HOMA_Gastropoda,HOMA_Lasiocampa_trifolii_larva,HOMA_Lepidoptera_larva,HOMA_Miridae,HOMA_Otala_lactea,HOMA_Pentatomidae,HOMA_Psilothrix_viridicoerulea,HOMA_Pyrrhocoris_apterus,HOMA_Tessellana_tessellata,HOMA_Theba_pisana",NA,NA,NA,NA,0,NA,0,0,0,NA,"species",NA
"22","HOMA",2020,"class",2,"Forb,Grass",3,"Forb_Grass,Forb_HOMA,Grass_HOMA",5,"beetle,bug,caterpillar,grasshopper,snail",15,"Forb_beetle,Forb_bug,Forb_caterpillar,Forb_grasshopper,Forb_snail,Grass_beetle,Grass_bug,Grass_caterpillar,Grass_grasshopper,Grass_snail,HOMA_beetle,HOMA_bug,HOMA_caterpillar,HOMA_grasshopper,HOMA_snail",NA,NA,NA,NA,0,NA,0,0,0,NA,"group",NA
"23","HOMA",2020,"family",7,"Amaranthaceae,Asteraceae,Caryophyllaceae,Fabaceae,Gentianaceae,Plantaginaceae,Poaceae",28,"Amaranthaceae_Asteraceae,Amaranthaceae_Caryophyllaceae,Amaranthaceae_Fabaceae,Amaranthaceae_Gentianaceae,Amaranthaceae_Plantaginaceae,Amaranthaceae_Poaceae,Amaranthaceae_HOMA,Asteraceae_Caryophyllaceae,Asteraceae_Fabaceae,Asteraceae_Gentianaceae,Asteraceae_Plantaginaceae,Asteraceae_Poaceae,Asteraceae_HOMA,Caryophyllaceae_Fabaceae,Caryophyllaceae_Gentianaceae,Caryophyllaceae_Plantaginaceae,Caryophyllaceae_Poaceae,Caryophyllaceae_HOMA,Fabaceae_Gentianaceae,Fabaceae_Plantaginaceae,Fabaceae_Poaceae,Fabaceae_HOMA,Gentianaceae_Plantaginaceae,Gentianaceae_Poaceae,Gentianaceae_HOMA,Plantaginaceae_Poaceae,Plantaginaceae_HOMA,Poaceae_HOMA",6,"Acrididae,Geomitridae,Helicidae,Lasiocampidae,Melyridae,Tettigoniidae",39,"Amaranthaceae_Acrididae,Amaranthaceae_Geomitridae,Amaranthaceae_Helicidae,Amaranthaceae_Lasiocampidae,Amaranthaceae_Melyridae,Amaranthaceae_Tettigoniidae,Asteraceae_Acrididae,Asteraceae_Geomitridae,Asteraceae_Helicidae,Asteraceae_Lasiocampidae,Asteraceae_Tettigoniidae,Caryophyllaceae_Geomitridae,Caryophyllaceae_Helicidae,Fabaceae_Acrididae,Fabaceae_Geomitridae,Fabaceae_Helicidae,Fabaceae_Lasiocampidae,Fabaceae_Tettigoniidae,Gentianaceae_Acrididae,Gentianaceae_Geomitridae,Gentianaceae_Helicidae,Gentianaceae_Lasiocampidae,Gentianaceae_Tettigoniidae,Plantaginaceae_Geomitridae,Plantaginaceae_Helicidae,Plantaginaceae_Lasiocampidae,Plantaginaceae_Tettigoniidae,Poaceae_Acrididae,Poaceae_Geomitridae,Poaceae_Helicidae,Poaceae_Lasiocampidae,Poaceae_Melyridae,Poaceae_Tettigoniidae,HOMA_Acrididae,HOMA_Geomitridae,HOMA_Helicidae,HOMA_Lasiocampidae,HOMA_Melyridae,HOMA_Tettigoniidae",NA,NA,NA,NA,0,NA,0,0,0,NA,"family",NA
"24","HOMA",2020,"code.plant",17,"BEMA,CETE,CHFU,CHMI,LEMA,MEEL,MEPO,MESU,PAIN,PLCO,POMA,POMO,PUPA,SASO,SCLA,SOAS,SPRU",153,"BEMA_CETE,BEMA_CHFU,BEMA_CHMI,BEMA_HOMA,BEMA_LEMA,BEMA_MEEL,BEMA_MEPO,BEMA_MESU,BEMA_PAIN,BEMA_PLCO,BEMA_POMA,BEMA_POMO,BEMA_PUPA,BEMA_SASO,BEMA_SCLA,BEMA_SOAS,BEMA_SPRU,CETE_CHFU,CETE_CHMI,CETE_HOMA,CETE_LEMA,CETE_MEEL,CETE_MEPO,CETE_MESU,CETE_PAIN,CETE_PLCO,CETE_POMA,CETE_POMO,CETE_PUPA,CETE_SASO,CETE_SCLA,CETE_SOAS,CETE_SPRU,CHFU_CHMI,CHFU_HOMA,CHFU_LEMA,CHFU_MEEL,CHFU_MEPO,CHFU_MESU,CHFU_PAIN,CHFU_PLCO,CHFU_POMA,CHFU_POMO,CHFU_PUPA,CHFU_SASO,CHFU_SCLA,CHFU_SOAS,CHFU_SPRU,CHMI_HOMA,CHMI_LEMA,CHMI_MEEL,CHMI_MEPO,CHMI_MESU,CHMI_PAIN,CHMI_PLCO,CHMI_POMA,CHMI_POMO,CHMI_PUPA,CHMI_SASO,CHMI_SCLA,CHMI_SOAS,CHMI_SPRU,HOMA_LEMA,HOMA_MEEL,HOMA_MEPO,HOMA_MESU,HOMA_PAIN,HOMA_PLCO,HOMA_POMA,HOMA_POMO,HOMA_PUPA,HOMA_SASO,HOMA_SCLA,HOMA_SOAS,HOMA_SPRU,LEMA_MEEL,LEMA_MEPO,LEMA_MESU,LEMA_PAIN,LEMA_PLCO,LEMA_POMA,LEMA_POMO,LEMA_PUPA,LEMA_SASO,LEMA_SCLA,LEMA_SOAS,LEMA_SPRU,MEEL_MEPO,MEEL_MESU,MEEL_PAIN,MEEL_PLCO,MEEL_POMA,MEEL_POMO,MEEL_PUPA,MEEL_SASO,MEEL_SCLA,MEEL_SOAS,MEEL_SPRU,MEPO_MESU,MEPO_PAIN,MEPO_PLCO,MEPO_POMA,MEPO_POMO,MEPO_PUPA,MEPO_SASO,MEPO_SCLA,MEPO_SOAS,MEPO_SPRU,MESU_PAIN,MESU_PLCO,MESU_POMA,MESU_POMO,MESU_PUPA,MESU_SASO,MESU_SCLA,MESU_SOAS,MESU_SPRU,PAIN_PLCO,PAIN_POMA,PAIN_POMO,PAIN_PUPA,PAIN_SASO,PAIN_SCLA,PAIN_SOAS,PAIN_SPRU,PLCO_POMA,PLCO_POMO,PLCO_PUPA,PLCO_SASO,PLCO_SCLA,PLCO_SOAS,PLCO_SPRU,POMA_POMO,POMA_PUPA,POMA_SASO,POMA_SCLA,POMA_SOAS,POMA_SPRU,POMO_PUPA,POMO_SASO,POMO_SCLA,POMO_SOAS,POMO_SPRU,PUPA_SASO,PUPA_SCLA,PUPA_SOAS,PUPA_SPRU,SASO_SCLA,SASO_SOAS,SASO_SPRU,SCLA_SOAS,SCLA_SPRU,SOAS_SPRU",6,"Cochlicella_barbara,Lasiocampa_trifolii_larva,Lepidoptera_larva,Psilothrix_viridicoerulea,Tessellana_tessellata,Theba_pisana",66,"BEMA_Cochlicella_barbara,BEMA_Lasiocampa_trifolii_larva,BEMA_Psilothrix_viridicoerulea,BEMA_Tessellana_tessellata,BEMA_Theba_pisana,CETE_Cochlicella_barbara,CETE_Lasiocampa_trifolii_larva,CETE_Tessellana_tessellata,CETE_Theba_pisana,CHFU_Cochlicella_barbara,CHFU_Lasiocampa_trifolii_larva,CHFU_Lepidoptera_larva,CHFU_Tessellana_tessellata,CHFU_Theba_pisana,CHMI_Cochlicella_barbara,CHMI_Lasiocampa_trifolii_larva,CHMI_Lepidoptera_larva,CHMI_Tessellana_tessellata,CHMI_Theba_pisana,LEMA_Cochlicella_barbara,LEMA_Lasiocampa_trifolii_larva,LEMA_Tessellana_tessellata,LEMA_Theba_pisana,MEEL_Cochlicella_barbara,MEEL_Tessellana_tessellata,MEPO_Cochlicella_barbara,MEPO_Lasiocampa_trifolii_larva,MEPO_Tessellana_tessellata,MEPO_Theba_pisana,MESU_Cochlicella_barbara,MESU_Lasiocampa_trifolii_larva,MESU_Tessellana_tessellata,MESU_Theba_pisana,PAIN_Cochlicella_barbara,PAIN_Lasiocampa_trifolii_larva,PAIN_Lepidoptera_larva,PAIN_Psilothrix_viridicoerulea,PAIN_Tessellana_tessellata,PAIN_Theba_pisana,PLCO_Cochlicella_barbara,PLCO_Lasiocampa_trifolii_larva,PLCO_Tessellana_tessellata,PLCO_Theba_pisana,POMA_Cochlicella_barbara,POMA_Lasiocampa_trifolii_larva,POMA_Tessellana_tessellata,POMA_Theba_pisana,POMO_Lasiocampa_trifolii_larva,PUPA_Cochlicella_barbara,PUPA_Lasiocampa_trifolii_larva,PUPA_Tessellana_tessellata,SASO_Cochlicella_barbara,SASO_Lasiocampa_trifolii_larva,SASO_Tessellana_tessellata,SASO_Theba_pisana,SCLA_Tessellana_tessellata,SOAS_Cochlicella_barbara,SOAS_Tessellana_tessellata,SOAS_Theba_pisana,SPRU_Cochlicella_barbara,SPRU_Theba_pisana,HOMA_Cochlicella_barbara,HOMA_Lasiocampa_trifolii_larva,HOMA_Psilothrix_viridicoerulea,HOMA_Tessellana_tessellata,HOMA_Theba_pisana",NA,NA,NA,NA,0,NA,0,0,0,NA,"species",NA
"25","HOMA",2021,"class",2,"Forb,Grass",3,"Forb_Grass,Forb_HOMA,Grass_HOMA",5,"beetle,bug,caterpillar,grasshopper,snail",14,"Forb_beetle,Forb_bug,Forb_caterpillar,Forb_grasshopper,Forb_snail,Grass_beetle,Grass_caterpillar,Grass_grasshopper,Grass_snail,HOMA_beetle,HOMA_bug,HOMA_caterpillar,HOMA_grasshopper,HOMA_snail",2,"beetle,butterfly",4,"Forb_beetle,Forb_butterfly,HOMA_beetle,HOMA_butterfly",0,0,0,0,0,0,"group",NA
"26","HOMA",2021,"family",8,"Amaranthaceae,Asteraceae,Caryophyllaceae,Fabaceae,Gentianaceae,Plantaginaceae,Poaceae,Primulacea",36,"Amaranthaceae_Asteraceae,Amaranthaceae_Caryophyllaceae,Amaranthaceae_Fabaceae,Amaranthaceae_Gentianaceae,Amaranthaceae_Plantaginaceae,Amaranthaceae_Poaceae,Amaranthaceae_Primulacea,Amaranthaceae_HOMA,Asteraceae_Caryophyllaceae,Asteraceae_Fabaceae,Asteraceae_Gentianaceae,Asteraceae_Plantaginaceae,Asteraceae_Poaceae,Asteraceae_Primulacea,Asteraceae_HOMA,Caryophyllaceae_Fabaceae,Caryophyllaceae_Gentianaceae,Caryophyllaceae_Plantaginaceae,Caryophyllaceae_Poaceae,Caryophyllaceae_Primulacea,Caryophyllaceae_HOMA,Fabaceae_Gentianaceae,Fabaceae_Plantaginaceae,Fabaceae_Poaceae,Fabaceae_Primulacea,Fabaceae_HOMA,Gentianaceae_Plantaginaceae,Gentianaceae_Poaceae,Gentianaceae_Primulacea,Gentianaceae_HOMA,Plantaginaceae_Poaceae,Plantaginaceae_Primulacea,Plantaginaceae_HOMA,Poaceae_Primulacea,Poaceae_HOMA,Primulacea_HOMA",5,"Acrididae,Geomitridae,Helicidae,Lasiocampidae,Tettigoniidae",29,"Amaranthaceae_Geomitridae,Amaranthaceae_Helicidae,Amaranthaceae_Lasiocampidae,Amaranthaceae_Tettigoniidae,Asteraceae_Acrididae,Asteraceae_Geomitridae,Asteraceae_Helicidae,Asteraceae_Lasiocampidae,Asteraceae_Tettigoniidae,Caryophyllaceae_Geomitridae,Caryophyllaceae_Helicidae,Fabaceae_Geomitridae,Fabaceae_Helicidae,Fabaceae_Tettigoniidae,Gentianaceae_Geomitridae,Gentianaceae_Helicidae,Gentianaceae_Lasiocampidae,Gentianaceae_Tettigoniidae,Plantaginaceae_Geomitridae,Plantaginaceae_Helicidae,Poaceae_Geomitridae,Poaceae_Helicidae,Poaceae_Lasiocampidae,Poaceae_Tettigoniidae,HOMA_Acrididae,HOMA_Geomitridae,HOMA_Helicidae,HOMA_Lasiocampidae,HOMA_Tettigoniidae",NA,NA,NA,NA,0,NA,0,0,0,NA,"family",NA
"27","HOMA",2021,"code.plant",17,"ANAR,BEMA,CETE,CHFU,CHMI,LEMA,MEEL,MEPO,MESU,PAIN,PLCO,POMA,POMO,SASO,SCLA,SOAS,SPRU",153,"ANAR_BEMA,ANAR_CETE,ANAR_CHFU,ANAR_CHMI,ANAR_HOMA,ANAR_LEMA,ANAR_MEEL,ANAR_MEPO,ANAR_MESU,ANAR_PAIN,ANAR_PLCO,ANAR_POMA,ANAR_POMO,ANAR_SASO,ANAR_SCLA,ANAR_SOAS,ANAR_SPRU,BEMA_CETE,BEMA_CHFU,BEMA_CHMI,BEMA_HOMA,BEMA_LEMA,BEMA_MEEL,BEMA_MEPO,BEMA_MESU,BEMA_PAIN,BEMA_PLCO,BEMA_POMA,BEMA_POMO,BEMA_SASO,BEMA_SCLA,BEMA_SOAS,BEMA_SPRU,CETE_CHFU,CETE_CHMI,CETE_HOMA,CETE_LEMA,CETE_MEEL,CETE_MEPO,CETE_MESU,CETE_PAIN,CETE_PLCO,CETE_POMA,CETE_POMO,CETE_SASO,CETE_SCLA,CETE_SOAS,CETE_SPRU,CHFU_CHMI,CHFU_HOMA,CHFU_LEMA,CHFU_MEEL,CHFU_MEPO,CHFU_MESU,CHFU_PAIN,CHFU_PLCO,CHFU_POMA,CHFU_POMO,CHFU_SASO,CHFU_SCLA,CHFU_SOAS,CHFU_SPRU,CHMI_HOMA,CHMI_LEMA,CHMI_MEEL,CHMI_MEPO,CHMI_MESU,CHMI_PAIN,CHMI_PLCO,CHMI_POMA,CHMI_POMO,CHMI_SASO,CHMI_SCLA,CHMI_SOAS,CHMI_SPRU,HOMA_LEMA,HOMA_MEEL,HOMA_MEPO,HOMA_MESU,HOMA_PAIN,HOMA_PLCO,HOMA_POMA,HOMA_POMO,HOMA_SASO,HOMA_SCLA,HOMA_SOAS,HOMA_SPRU,LEMA_MEEL,LEMA_MEPO,LEMA_MESU,LEMA_PAIN,LEMA_PLCO,LEMA_POMA,LEMA_POMO,LEMA_SASO,LEMA_SCLA,LEMA_SOAS,LEMA_SPRU,MEEL_MEPO,MEEL_MESU,MEEL_PAIN,MEEL_PLCO,MEEL_POMA,MEEL_POMO,MEEL_SASO,MEEL_SCLA,MEEL_SOAS,MEEL_SPRU,MEPO_MESU,MEPO_PAIN,MEPO_PLCO,MEPO_POMA,MEPO_POMO,MEPO_SASO,MEPO_SCLA,MEPO_SOAS,MEPO_SPRU,MESU_PAIN,MESU_PLCO,MESU_POMA,MESU_POMO,MESU_SASO,MESU_SCLA,MESU_SOAS,MESU_SPRU,PAIN_PLCO,PAIN_POMA,PAIN_POMO,PAIN_SASO,PAIN_SCLA,PAIN_SOAS,PAIN_SPRU,PLCO_POMA,PLCO_POMO,PLCO_SASO,PLCO_SCLA,PLCO_SOAS,PLCO_SPRU,POMA_POMO,POMA_SASO,POMA_SCLA,POMA_SOAS,POMA_SPRU,POMO_SASO,POMO_SCLA,POMO_SOAS,POMO_SPRU,SASO_SCLA,SASO_SOAS,SASO_SPRU,SCLA_SOAS,SCLA_SPRU,SOAS_SPRU",5,"Cochlicella_barbara,Dociostaurus_jagoi,Lasiocampa_trifolii_larva,Tessellana_tessellata,Theba_pisana",50,"BEMA_Cochlicella_barbara,BEMA_Theba_pisana,CETE_Cochlicella_barbara,CETE_Lasiocampa_trifolii_larva,CETE_Tessellana_tessellata,CETE_Theba_pisana,CHFU_Cochlicella_barbara,CHFU_Lasiocampa_trifolii_larva,CHFU_Theba_pisana,CHMI_Cochlicella_barbara,CHMI_Theba_pisana,LEMA_Cochlicella_barbara,LEMA_Lasiocampa_trifolii_larva,LEMA_Tessellana_tessellata,LEMA_Theba_pisana,MEEL_Cochlicella_barbara,MEEL_Theba_pisana,MEPO_Theba_pisana,MESU_Cochlicella_barbara,MESU_Tessellana_tessellata,MESU_Theba_pisana,PAIN_Cochlicella_barbara,PAIN_Lasiocampa_trifolii_larva,PAIN_Tessellana_tessellata,PAIN_Theba_pisana,PLCO_Cochlicella_barbara,PLCO_Theba_pisana,POMA_Cochlicella_barbara,POMA_Tessellana_tessellata,POMA_Theba_pisana,POMO_Theba_pisana,SASO_Cochlicella_barbara,SASO_Lasiocampa_trifolii_larva,SASO_Tessellana_tessellata,SASO_Theba_pisana,SCLA_Cochlicella_barbara,SCLA_Lasiocampa_trifolii_larva,SCLA_Tessellana_tessellata,SCLA_Theba_pisana,SOAS_Cochlicella_barbara,SOAS_Dociostaurus_jagoi,SOAS_Tessellana_tessellata,SOAS_Theba_pisana,SPRU_Cochlicella_barbara,SPRU_Theba_pisana,HOMA_Cochlicella_barbara,HOMA_Dociostaurus_jagoi,HOMA_Lasiocampa_trifolii_larva,HOMA_Tessellana_tessellata,HOMA_Theba_pisana",NA,NA,NA,NA,0,NA,0,0,0,NA,"species",NA
"28","LEMA",2019,"class",2,"Forb,Grass",3,"Forb_Grass,Forb_LEMA,Grass_LEMA",5,"beetle,bug,caterpillar,grasshopper,snail",15,"Forb_beetle,Forb_bug,Forb_caterpillar,Forb_grasshopper,Forb_snail,Grass_beetle,Grass_bug,Grass_caterpillar,Grass_grasshopper,Grass_snail,LEMA_beetle,LEMA_bug,LEMA_caterpillar,LEMA_grasshopper,LEMA_snail",3,"bee,beetle,fly",9,"Forb_bee,Forb_beetle,Forb_fly,Grass_bee,Grass_beetle,Grass_fly,LEMA_bee,LEMA_beetle,LEMA_fly",1,0,0,0,0,0,"group","Grass"
"29","LEMA",2019,"family",8,"Amaranthaceae,Asteraceae,Caryophyllaceae,Fabaceae,Gentianaceae,Plantaginaceae,Poaceae,Ranunculuc",36,"Amaranthaceae_Asteraceae,Amaranthaceae_Caryophyllaceae,Amaranthaceae_Fabaceae,Amaranthaceae_Gentianaceae,Amaranthaceae_Plantaginaceae,Amaranthaceae_Poaceae,Amaranthaceae_Ranunculuc,Amaranthaceae_LEMA,Asteraceae_Caryophyllaceae,Asteraceae_Fabaceae,Asteraceae_Gentianaceae,Asteraceae_Plantaginaceae,Asteraceae_Poaceae,Asteraceae_Ranunculuc,Asteraceae_LEMA,Caryophyllaceae_Fabaceae,Caryophyllaceae_Gentianaceae,Caryophyllaceae_Plantaginaceae,Caryophyllaceae_Poaceae,Caryophyllaceae_Ranunculuc,Caryophyllaceae_LEMA,Fabaceae_Gentianaceae,Fabaceae_Plantaginaceae,Fabaceae_Poaceae,Fabaceae_Ranunculuc,Fabaceae_LEMA,Gentianaceae_Plantaginaceae,Gentianaceae_Poaceae,Gentianaceae_Ranunculuc,Gentianaceae_LEMA,Plantaginaceae_Poaceae,Plantaginaceae_Ranunculuc,Plantaginaceae_LEMA,Poaceae_Ranunculuc,Poaceae_LEMA,Ranunculuc_LEMA",7,"Aphididae,Geomitridae,Helicidae,Lasiocampidae,Melyridae,Nitidulidae,Tettigoniidae",44,"Amaranthaceae_Geomitridae,Amaranthaceae_Helicidae,Amaranthaceae_Melyridae,Amaranthaceae_Nitidulidae,Asteraceae_Aphididae,Asteraceae_Geomitridae,Asteraceae_Helicidae,Asteraceae_Melyridae,Asteraceae_Nitidulidae,Caryophyllaceae_Helicidae,Caryophyllaceae_Melyridae,Caryophyllaceae_Nitidulidae,Fabaceae_Aphididae,Fabaceae_Geomitridae,Fabaceae_Helicidae,Fabaceae_Lasiocampidae,Fabaceae_Melyridae,Fabaceae_Nitidulidae,Gentianaceae_Geomitridae,Gentianaceae_Helicidae,Gentianaceae_Melyridae,Gentianaceae_Nitidulidae,Plantaginaceae_Geomitridae,Plantaginaceae_Helicidae,Plantaginaceae_Melyridae,Plantaginaceae_Nitidulidae,Poaceae_Aphididae,Poaceae_Geomitridae,Poaceae_Helicidae,Poaceae_Lasiocampidae,Poaceae_Melyridae,Poaceae_Nitidulidae,Poaceae_Tettigoniidae,Ranunculuc_Geomitridae,Ranunculuc_Helicidae,Ranunculuc_Melyridae,Ranunculuc_Nitidulidae,LEMA_Aphididae,LEMA_Geomitridae,LEMA_Helicidae,LEMA_Lasiocampidae,LEMA_Melyridae,LEMA_Nitidulidae,LEMA_Tettigoniidae",2,"Andrenidae,Apidae",15,"Amaranthaceae_Andrenidae,Amaranthaceae_Apidae,Asteraceae_Andrenidae,Asteraceae_Apidae,Fabaceae_Andrenidae,Fabaceae_Apidae,Gentianaceae_Andrenidae,Gentianaceae_Apidae,Plantaginaceae_Apidae,Poaceae_Andrenidae,Poaceae_Apidae,Ranunculuc_Andrenidae,Ranunculuc_Apidae,LEMA_Andrenidae,LEMA_Apidae",1,0,0,0,0,0,"family","Poaceae"
"30","LEMA",2019,"code.plant",16,"BEMA,CETE,CHFU,CHMI,HOMA,MEEL,MEPO,MESU,PLCO,POMA,POMO,RAPE,SASO,SCLA,SOAS,SPRU",136,"BEMA_CETE,BEMA_CHFU,BEMA_CHMI,BEMA_HOMA,BEMA_LEMA,BEMA_MEEL,BEMA_MEPO,BEMA_MESU,BEMA_PLCO,BEMA_POMA,BEMA_POMO,BEMA_RAPE,BEMA_SASO,BEMA_SCLA,BEMA_SOAS,BEMA_SPRU,CETE_CHFU,CETE_CHMI,CETE_HOMA,CETE_LEMA,CETE_MEEL,CETE_MEPO,CETE_MESU,CETE_PLCO,CETE_POMA,CETE_POMO,CETE_RAPE,CETE_SASO,CETE_SCLA,CETE_SOAS,CETE_SPRU,CHFU_CHMI,CHFU_HOMA,CHFU_LEMA,CHFU_MEEL,CHFU_MEPO,CHFU_MESU,CHFU_PLCO,CHFU_POMA,CHFU_POMO,CHFU_RAPE,CHFU_SASO,CHFU_SCLA,CHFU_SOAS,CHFU_SPRU,CHMI_HOMA,CHMI_LEMA,CHMI_MEEL,CHMI_MEPO,CHMI_MESU,CHMI_PLCO,CHMI_POMA,CHMI_POMO,CHMI_RAPE,CHMI_SASO,CHMI_SCLA,CHMI_SOAS,CHMI_SPRU,HOMA_LEMA,HOMA_MEEL,HOMA_MEPO,HOMA_MESU,HOMA_PLCO,HOMA_POMA,HOMA_POMO,HOMA_RAPE,HOMA_SASO,HOMA_SCLA,HOMA_SOAS,HOMA_SPRU,LEMA_MEEL,LEMA_MEPO,LEMA_MESU,LEMA_PLCO,LEMA_POMA,LEMA_POMO,LEMA_RAPE,LEMA_SASO,LEMA_SCLA,LEMA_SOAS,LEMA_SPRU,MEEL_MEPO,MEEL_MESU,MEEL_PLCO,MEEL_POMA,MEEL_POMO,MEEL_RAPE,MEEL_SASO,MEEL_SCLA,MEEL_SOAS,MEEL_SPRU,MEPO_MESU,MEPO_PLCO,MEPO_POMA,MEPO_POMO,MEPO_RAPE,MEPO_SASO,MEPO_SCLA,MEPO_SOAS,MEPO_SPRU,MESU_PLCO,MESU_POMA,MESU_POMO,MESU_RAPE,MESU_SASO,MESU_SCLA,MESU_SOAS,MESU_SPRU,PLCO_POMA,PLCO_POMO,PLCO_RAPE,PLCO_SASO,PLCO_SCLA,PLCO_SOAS,PLCO_SPRU,POMA_POMO,POMA_RAPE,POMA_SASO,POMA_SCLA,POMA_SOAS,POMA_SPRU,POMO_RAPE,POMO_SASO,POMO_SCLA,POMO_SOAS,POMO_SPRU,RAPE_SASO,RAPE_SCLA,RAPE_SOAS,RAPE_SPRU,SASO_SCLA,SASO_SOAS,SASO_SPRU,SCLA_SOAS,SCLA_SPRU,SOAS_SPRU",9,"Aphis_fabae,Brassicogethes_spp,Cochlicella_barbara,Gastropoda,Lasiocampa_trifolii_larva,Lepidoptera_larva,Psilothrix_viridicoerulea,Tessellana_tessellata,Theba_pisana",81,"BEMA_Brassicogethes_spp,BEMA_Cochlicella_barbara,BEMA_Lepidoptera_larva,BEMA_Psilothrix_viridicoerulea,BEMA_Theba_pisana,CETE_Brassicogethes_spp,CETE_Cochlicella_barbara,CETE_Lepidoptera_larva,CETE_Psilothrix_viridicoerulea,CETE_Theba_pisana,CHFU_Brassicogethes_spp,CHFU_Cochlicella_barbara,CHFU_Lepidoptera_larva,CHFU_Psilothrix_viridicoerulea,CHFU_Theba_pisana,CHMI_Aphis_fabae,CHMI_Cochlicella_barbara,CHMI_Psilothrix_viridicoerulea,HOMA_Aphis_fabae,HOMA_Brassicogethes_spp,HOMA_Cochlicella_barbara,HOMA_Gastropoda,HOMA_Lasiocampa_trifolii_larva,HOMA_Lepidoptera_larva,HOMA_Psilothrix_viridicoerulea,HOMA_Tessellana_tessellata,HOMA_Theba_pisana,MEEL_Lepidoptera_larva,MEEL_Psilothrix_viridicoerulea,MEPO_Brassicogethes_spp,MEPO_Cochlicella_barbara,MEPO_Lepidoptera_larva,MEPO_Psilothrix_viridicoerulea,MEPO_Theba_pisana,MESU_Aphis_fabae,MESU_Brassicogethes_spp,MESU_Cochlicella_barbara,MESU_Gastropoda,MESU_Lasiocampa_trifolii_larva,MESU_Lepidoptera_larva,MESU_Psilothrix_viridicoerulea,MESU_Theba_pisana,PLCO_Brassicogethes_spp,PLCO_Cochlicella_barbara,PLCO_Psilothrix_viridicoerulea,PLCO_Theba_pisana,POMA_Aphis_fabae,POMA_Brassicogethes_spp,POMA_Cochlicella_barbara,POMA_Gastropoda,POMA_Lasiocampa_trifolii_larva,POMA_Lepidoptera_larva,POMA_Psilothrix_viridicoerulea,POMA_Theba_pisana,POMO_Cochlicella_barbara,POMO_Psilothrix_viridicoerulea,RAPE_Brassicogethes_spp,RAPE_Cochlicella_barbara,RAPE_Lepidoptera_larva,RAPE_Psilothrix_viridicoerulea,RAPE_Theba_pisana,SASO_Brassicogethes_spp,SASO_Psilothrix_viridicoerulea,SASO_Theba_pisana,SCLA_Cochlicella_barbara,SCLA_Psilothrix_viridicoerulea,SOAS_Brassicogethes_spp,SOAS_Lepidoptera_larva,SOAS_Psilothrix_viridicoerulea,SPRU_Brassicogethes_spp,SPRU_Lepidoptera_larva,SPRU_Psilothrix_viridicoerulea,SPRU_Theba_pisana,LEMA_Aphis_fabae,LEMA_Brassicogethes_spp,LEMA_Cochlicella_barbara,LEMA_Gastropoda,LEMA_Lasiocampa_trifolii_larva,LEMA_Psilothrix_viridicoerulea,LEMA_Tessellana_tessellata,LEMA_Theba_pisana",5,"Brassicogethes_spp,Coleoptera,Diptera,Episyrphus_balteatus,Eupeodes_corollae",29,"BEMA_Coleoptera,BEMA_Diptera,CETE_Diptera,CHFU_Coleoptera,CHFU_Diptera,CHFU_Eupeodes_corollae,HOMA_Brassicogethes_spp,HOMA_Coleoptera,HOMA_Diptera,HOMA_Episyrphus_balteatus,HOMA_Eupeodes_corollae,MEEL_Eupeodes_corollae,MEPO_Diptera,MESU_Brassicogethes_spp,MESU_Coleoptera,MESU_Episyrphus_balteatus,MESU_Eupeodes_corollae,PLCO_Episyrphus_balteatus,POMA_Coleoptera,POMA_Diptera,POMA_Eupeodes_corollae,RAPE_Diptera,SOAS_Diptera,SPRU_Eupeodes_corollae,LEMA_Brassicogethes_spp,LEMA_Coleoptera,LEMA_Diptera,LEMA_Episyrphus_balteatus,LEMA_Eupeodes_corollae",1,0,0,0,0,0,"species","HOMA"
"31","LEMA",2020,"class",2,"Forb,Grass",3,"Forb_Grass,Forb_LEMA,Grass_LEMA",5,"beetle,bug,caterpillar,grasshopper,snail",15,"Forb_beetle,Forb_bug,Forb_caterpillar,Forb_grasshopper,Forb_snail,Grass_beetle,Grass_bug,Grass_caterpillar,Grass_grasshopper,Grass_snail,LEMA_beetle,LEMA_bug,LEMA_caterpillar,LEMA_grasshopper,LEMA_snail",4,"bee,beetle,butterfly,fly",12,"Forb_bee,Forb_beetle,Forb_butterfly,Forb_fly,Grass_bee,Grass_beetle,Grass_butterfly,Grass_fly,LEMA_bee,LEMA_beetle,LEMA_butterfly,LEMA_fly",1,0,0,0,0,0,"group","Grass"
"32","LEMA",2020,"family",9,"Amaranthaceae,Asteraceae,Caryophyllaceae,Fabaceae,Gentianaceae,Plantaginaceae,Poaceae,Primulacea,Ranunculuc",45,"Amaranthaceae_Asteraceae,Amaranthaceae_Caryophyllaceae,Amaranthaceae_Fabaceae,Amaranthaceae_Gentianaceae,Amaranthaceae_Plantaginaceae,Amaranthaceae_Poaceae,Amaranthaceae_Primulacea,Amaranthaceae_Ranunculuc,Amaranthaceae_LEMA,Asteraceae_Caryophyllaceae,Asteraceae_Fabaceae,Asteraceae_Gentianaceae,Asteraceae_Plantaginaceae,Asteraceae_Poaceae,Asteraceae_Primulacea,Asteraceae_Ranunculuc,Asteraceae_LEMA,Caryophyllaceae_Fabaceae,Caryophyllaceae_Gentianaceae,Caryophyllaceae_Plantaginaceae,Caryophyllaceae_Poaceae,Caryophyllaceae_Primulacea,Caryophyllaceae_Ranunculuc,Caryophyllaceae_LEMA,Fabaceae_Gentianaceae,Fabaceae_Plantaginaceae,Fabaceae_Poaceae,Fabaceae_Primulacea,Fabaceae_Ranunculuc,Fabaceae_LEMA,Gentianaceae_Plantaginaceae,Gentianaceae_Poaceae,Gentianaceae_Primulacea,Gentianaceae_Ranunculuc,Gentianaceae_LEMA,Plantaginaceae_Poaceae,Plantaginaceae_Primulacea,Plantaginaceae_Ranunculuc,Plantaginaceae_LEMA,Poaceae_Primulacea,Poaceae_Ranunculuc,Poaceae_LEMA,Primulacea_Ranunculuc,Primulacea_LEMA,Ranunculuc_LEMA",9,"Acrididae,Aphididae,Geomitridae,Helicidae,Lasiocampidae,Melyridae,Miridae,Nitidulidae,Tettigoniidae",62,"Amaranthaceae_Geomitridae,Amaranthaceae_Helicidae,Amaranthaceae_Lasiocampidae,Amaranthaceae_Melyridae,Amaranthaceae_Miridae,Amaranthaceae_Nitidulidae,Amaranthaceae_Tettigoniidae,Asteraceae_Aphididae,Asteraceae_Geomitridae,Asteraceae_Helicidae,Asteraceae_Lasiocampidae,Asteraceae_Melyridae,Asteraceae_Nitidulidae,Asteraceae_Tettigoniidae,Caryophyllaceae_Geomitridae,Caryophyllaceae_Helicidae,Caryophyllaceae_Melyridae,Caryophyllaceae_Nitidulidae,Fabaceae_Aphididae,Fabaceae_Geomitridae,Fabaceae_Helicidae,Fabaceae_Lasiocampidae,Fabaceae_Melyridae,Fabaceae_Nitidulidae,Fabaceae_Tettigoniidae,Gentianaceae_Aphididae,Gentianaceae_Geomitridae,Gentianaceae_Helicidae,Gentianaceae_Lasiocampidae,Gentianaceae_Melyridae,Gentianaceae_Miridae,Gentianaceae_Nitidulidae,Gentianaceae_Tettigoniidae,Plantaginaceae_Geomitridae,Plantaginaceae_Helicidae,Plantaginaceae_Lasiocampidae,Plantaginaceae_Melyridae,Plantaginaceae_Nitidulidae,Plantaginaceae_Tettigoniidae,Poaceae_Acrididae,Poaceae_Geomitridae,Poaceae_Helicidae,Poaceae_Lasiocampidae,Poaceae_Melyridae,Poaceae_Nitidulidae,Poaceae_Tettigoniidae,Primulacea_Geomitridae,Primulacea_Melyridae,Primulacea_Nitidulidae,Ranunculuc_Geomitridae,Ranunculuc_Melyridae,Ranunculuc_Nitidulidae,Ranunculuc_Tettigoniidae,LEMA_Acrididae,LEMA_Aphididae,LEMA_Geomitridae,LEMA_Helicidae,LEMA_Lasiocampidae,LEMA_Melyridae,LEMA_Miridae,LEMA_Nitidulidae,LEMA_Tettigoniidae",6,"Andrenidae,Anthicidae,Bombyliidae,Megachilidae,Pieridae,Sarcophagidae",28,"Amaranthaceae_Andrenidae,Amaranthaceae_Anthicidae,Amaranthaceae_Bombyliidae,Amaranthaceae_Sarcophagidae,Asteraceae_Andrenidae,Asteraceae_Bombyliidae,Asteraceae_Pieridae,Asteraceae_Sarcophagidae,Caryophyllaceae_Andrenidae,Caryophyllaceae_Anthicidae,Caryophyllaceae_Bombyliidae,Fabaceae_Andrenidae,Fabaceae_Bombyliidae,Gentianaceae_Andrenidae,Gentianaceae_Bombyliidae,Gentianaceae_Megachilidae,Gentianaceae_Sarcophagidae,Plantaginaceae_Andrenidae,Plantaginaceae_Sarcophagidae,Poaceae_Andrenidae,Poaceae_Anthicidae,Poaceae_Bombyliidae,Poaceae_Pieridae,Ranunculuc_Andrenidae,LEMA_Andrenidae,LEMA_Bombyliidae,LEMA_Megachilidae,LEMA_Sarcophagidae",1,0,0,0,0,0,"family","Poaceae"
"33","LEMA",2020,"code.plant",19,"ANAR,BEMA,CETE,CHFU,CHMI,HOMA,MEEL,MEPO,MESU,PAIN,PLCO,POMA,POMO,PUPA,RAPE,SASO,SCLA,SOAS,SPRU",190,"ANAR_BEMA,ANAR_CETE,ANAR_CHFU,ANAR_CHMI,ANAR_HOMA,ANAR_LEMA,ANAR_MEEL,ANAR_MEPO,ANAR_MESU,ANAR_PAIN,ANAR_PLCO,ANAR_POMA,ANAR_POMO,ANAR_PUPA,ANAR_RAPE,ANAR_SASO,ANAR_SCLA,ANAR_SOAS,ANAR_SPRU,BEMA_CETE,BEMA_CHFU,BEMA_CHMI,BEMA_HOMA,BEMA_LEMA,BEMA_MEEL,BEMA_MEPO,BEMA_MESU,BEMA_PAIN,BEMA_PLCO,BEMA_POMA,BEMA_POMO,BEMA_PUPA,BEMA_RAPE,BEMA_SASO,BEMA_SCLA,BEMA_SOAS,BEMA_SPRU,CETE_CHFU,CETE_CHMI,CETE_HOMA,CETE_LEMA,CETE_MEEL,CETE_MEPO,CETE_MESU,CETE_PAIN,CETE_PLCO,CETE_POMA,CETE_POMO,CETE_PUPA,CETE_RAPE,CETE_SASO,CETE_SCLA,CETE_SOAS,CETE_SPRU,CHFU_CHMI,CHFU_HOMA,CHFU_LEMA,CHFU_MEEL,CHFU_MEPO,CHFU_MESU,CHFU_PAIN,CHFU_PLCO,CHFU_POMA,CHFU_POMO,CHFU_PUPA,CHFU_RAPE,CHFU_SASO,CHFU_SCLA,CHFU_SOAS,CHFU_SPRU,CHMI_HOMA,CHMI_LEMA,CHMI_MEEL,CHMI_MEPO,CHMI_MESU,CHMI_PAIN,CHMI_PLCO,CHMI_POMA,CHMI_POMO,CHMI_PUPA,CHMI_RAPE,CHMI_SASO,CHMI_SCLA,CHMI_SOAS,CHMI_SPRU,HOMA_LEMA,HOMA_MEEL,HOMA_MEPO,HOMA_MESU,HOMA_PAIN,HOMA_PLCO,HOMA_POMA,HOMA_POMO,HOMA_PUPA,HOMA_RAPE,HOMA_SASO,HOMA_SCLA,HOMA_SOAS,HOMA_SPRU,LEMA_MEEL,LEMA_MEPO,LEMA_MESU,LEMA_PAIN,LEMA_PLCO,LEMA_POMA,LEMA_POMO,LEMA_PUPA,LEMA_RAPE,LEMA_SASO,LEMA_SCLA,LEMA_SOAS,LEMA_SPRU,MEEL_MEPO,MEEL_MESU,MEEL_PAIN,MEEL_PLCO,MEEL_POMA,MEEL_POMO,MEEL_PUPA,MEEL_RAPE,MEEL_SASO,MEEL_SCLA,MEEL_SOAS,MEEL_SPRU,MEPO_MESU,MEPO_PAIN,MEPO_PLCO,MEPO_POMA,MEPO_POMO,MEPO_PUPA,MEPO_RAPE,MEPO_SASO,MEPO_SCLA,MEPO_SOAS,MEPO_SPRU,MESU_PAIN,MESU_PLCO,MESU_POMA,MESU_POMO,MESU_PUPA,MESU_RAPE,MESU_SASO,MESU_SCLA,MESU_SOAS,MESU_SPRU,PAIN_PLCO,PAIN_POMA,PAIN_POMO,PAIN_PUPA,PAIN_RAPE,PAIN_SASO,PAIN_SCLA,PAIN_SOAS,PAIN_SPRU,PLCO_POMA,PLCO_POMO,PLCO_PUPA,PLCO_RAPE,PLCO_SASO,PLCO_SCLA,PLCO_SOAS,PLCO_SPRU,POMA_POMO,POMA_PUPA,POMA_RAPE,POMA_SASO,POMA_SCLA,POMA_SOAS,POMA_SPRU,POMO_PUPA,POMO_RAPE,POMO_SASO,POMO_SCLA,POMO_SOAS,POMO_SPRU,PUPA_RAPE,PUPA_SASO,PUPA_SCLA,PUPA_SOAS,PUPA_SPRU,RAPE_SASO,RAPE_SCLA,RAPE_SOAS,RAPE_SPRU,SASO_SCLA,SASO_SOAS,SASO_SPRU,SCLA_SOAS,SCLA_SPRU,SOAS_SPRU",9,"Aphis_fabae,Brassicogethes_spp,Cochlicella_barbara,Conocephalus_dorsalis,Lasiocampa_trifolii_larva,Miridae,Psilothrix_viridicoerulea,Tessellana_tessellata,Theba_pisana",106,"ANAR_Brassicogethes_spp,ANAR_Cochlicella_barbara,ANAR_Psilothrix_viridicoerulea,BEMA_Brassicogethes_spp,BEMA_Cochlicella_barbara,BEMA_Lasiocampa_trifolii_larva,BEMA_Miridae,BEMA_Psilothrix_viridicoerulea,BEMA_Tessellana_tessellata,BEMA_Theba_pisana,CETE_Aphis_fabae,CETE_Brassicogethes_spp,CETE_Cochlicella_barbara,CETE_Lasiocampa_trifolii_larva,CETE_Miridae,CETE_Psilothrix_viridicoerulea,CETE_Tessellana_tessellata,CETE_Theba_pisana,CHFU_Brassicogethes_spp,CHFU_Cochlicella_barbara,CHFU_Lasiocampa_trifolii_larva,CHFU_Psilothrix_viridicoerulea,CHFU_Tessellana_tessellata,CHFU_Theba_pisana,CHMI_Brassicogethes_spp,CHMI_Cochlicella_barbara,CHMI_Psilothrix_viridicoerulea,CHMI_Tessellana_tessellata,HOMA_Brassicogethes_spp,HOMA_Cochlicella_barbara,HOMA_Lasiocampa_trifolii_larva,HOMA_Psilothrix_viridicoerulea,HOMA_Tessellana_tessellata,HOMA_Theba_pisana,MEEL_Brassicogethes_spp,MEPO_Lasiocampa_trifolii_larva,MEPO_Psilothrix_viridicoerulea,MESU_Aphis_fabae,MESU_Brassicogethes_spp,MESU_Cochlicella_barbara,MESU_Lasiocampa_trifolii_larva,MESU_Psilothrix_viridicoerulea,MESU_Tessellana_tessellata,MESU_Theba_pisana,PAIN_Brassicogethes_spp,PAIN_Cochlicella_barbara,PAIN_Lasiocampa_trifolii_larva,PAIN_Psilothrix_viridicoerulea,PAIN_Tessellana_tessellata,PAIN_Theba_pisana,PLCO_Brassicogethes_spp,PLCO_Cochlicella_barbara,PLCO_Lasiocampa_trifolii_larva,PLCO_Psilothrix_viridicoerulea,PLCO_Tessellana_tessellata,PLCO_Theba_pisana,POMA_Brassicogethes_spp,POMA_Cochlicella_barbara,POMA_Conocephalus_dorsalis,POMA_Lasiocampa_trifolii_larva,POMA_Psilothrix_viridicoerulea,POMA_Tessellana_tessellata,POMA_Theba_pisana,POMO_Brassicogethes_spp,POMO_Cochlicella_barbara,POMO_Psilothrix_viridicoerulea,POMO_Theba_pisana,PUPA_Aphis_fabae,PUPA_Brassicogethes_spp,PUPA_Cochlicella_barbara,PUPA_Psilothrix_viridicoerulea,PUPA_Tessellana_tessellata,PUPA_Theba_pisana,RAPE_Brassicogethes_spp,RAPE_Cochlicella_barbara,RAPE_Psilothrix_viridicoerulea,RAPE_Tessellana_tessellata,SASO_Brassicogethes_spp,SASO_Cochlicella_barbara,SASO_Lasiocampa_trifolii_larva,SASO_Psilothrix_viridicoerulea,SASO_Theba_pisana,SCLA_Brassicogethes_spp,SCLA_Cochlicella_barbara,SCLA_Lasiocampa_trifolii_larva,SCLA_Psilothrix_viridicoerulea,SCLA_Tessellana_tessellata,SCLA_Theba_pisana,SOAS_Brassicogethes_spp,SOAS_Cochlicella_barbara,SOAS_Psilothrix_viridicoerulea,SOAS_Tessellana_tessellata,SOAS_Theba_pisana,SPRU_Brassicogethes_spp,SPRU_Cochlicella_barbara,SPRU_Psilothrix_viridicoerulea,SPRU_Theba_pisana,LEMA_Aphis_fabae,LEMA_Brassicogethes_spp,LEMA_Cochlicella_barbara,LEMA_Conocephalus_dorsalis,LEMA_Lasiocampa_trifolii_larva,LEMA_Miridae,LEMA_Psilothrix_viridicoerulea,LEMA_Tessellana_tessellata,LEMA_Theba_pisana",9,"Andrena_humilis,Anthicidae,Bombyliidae,Brassicogethes_spp,Coleoptera,Diptera,Episyrphus_balteatus,Osmia_ligurica,Sarcophaga_spp",66,"ANAR_Brassicogethes_spp,BEMA_Andrena_humilis,BEMA_Anthicidae,BEMA_Bombyliidae,BEMA_Brassicogethes_spp,BEMA_Coleoptera,BEMA_Episyrphus_balteatus,CETE_Andrena_humilis,CETE_Bombyliidae,CETE_Brassicogethes_spp,CETE_Diptera,CETE_Osmia_ligurica,CETE_Sarcophaga_spp,CHFU_Andrena_humilis,CHFU_Bombyliidae,CHFU_Brassicogethes_spp,CHFU_Episyrphus_balteatus,CHMI_Brassicogethes_spp,HOMA_Andrena_humilis,HOMA_Anthicidae,HOMA_Bombyliidae,HOMA_Brassicogethes_spp,HOMA_Episyrphus_balteatus,MEEL_Brassicogethes_spp,MEPO_Brassicogethes_spp,MESU_Andrena_humilis,MESU_Brassicogethes_spp,MESU_Coleoptera,PAIN_Andrena_humilis,PAIN_Brassicogethes_spp,PLCO_Andrena_humilis,PLCO_Brassicogethes_spp,PLCO_Sarcophaga_spp,POMA_Andrena_humilis,POMA_Brassicogethes_spp,POMA_Episyrphus_balteatus,POMO_Andrena_humilis,POMO_Brassicogethes_spp,PUPA_Andrena_humilis,PUPA_Bombyliidae,PUPA_Brassicogethes_spp,RAPE_Andrena_humilis,RAPE_Brassicogethes_spp,SASO_Andrena_humilis,SASO_Bombyliidae,SASO_Brassicogethes_spp,SASO_Sarcophaga_spp,SCLA_Andrena_humilis,SCLA_Bombyliidae,SCLA_Brassicogethes_spp,SOAS_Andrena_humilis,SOAS_Bombyliidae,SOAS_Brassicogethes_spp,SOAS_Episyrphus_balteatus,SOAS_Sarcophaga_spp,SPRU_Andrena_humilis,SPRU_Anthicidae,SPRU_Brassicogethes_spp,LEMA_Andrena_humilis,LEMA_Bombyliidae,LEMA_Brassicogethes_spp,LEMA_Coleoptera,LEMA_Diptera,LEMA_Episyrphus_balteatus,LEMA_Osmia_ligurica,LEMA_Sarcophaga_spp",1,0,0,0,0,0,"species","HOMA"
"34","LEMA",2021,"class",2,"Forb,Grass",3,"Forb_Grass,Forb_LEMA,Grass_LEMA",5,"beetle,bug,caterpillar,grasshopper,snail",14,"Forb_beetle,Forb_caterpillar,Forb_grasshopper,Forb_snail,Grass_beetle,Grass_bug,Grass_caterpillar,Grass_grasshopper,Grass_snail,LEMA_beetle,LEMA_bug,LEMA_caterpillar,LEMA_grasshopper,LEMA_snail",4,"bee,beetle,butterfly,fly",12,"Forb_bee,Forb_beetle,Forb_butterfly,Forb_fly,Grass_bee,Grass_beetle,Grass_butterfly,Grass_fly,LEMA_bee,LEMA_beetle,LEMA_butterfly,LEMA_fly",0,0,0,0,0,0,"group",NA
"35","LEMA",2021,"family",8,"Amaranthaceae,Asteraceae,Caryophyllaceae,Fabaceae,Gentianaceae,Plantaginaceae,Poaceae,Primulacea",36,"Amaranthaceae_Asteraceae,Amaranthaceae_Caryophyllaceae,Amaranthaceae_Fabaceae,Amaranthaceae_Gentianaceae,Amaranthaceae_Plantaginaceae,Amaranthaceae_Poaceae,Amaranthaceae_Primulacea,Amaranthaceae_LEMA,Asteraceae_Caryophyllaceae,Asteraceae_Fabaceae,Asteraceae_Gentianaceae,Asteraceae_Plantaginaceae,Asteraceae_Poaceae,Asteraceae_Primulacea,Asteraceae_LEMA,Caryophyllaceae_Fabaceae,Caryophyllaceae_Gentianaceae,Caryophyllaceae_Plantaginaceae,Caryophyllaceae_Poaceae,Caryophyllaceae_Primulacea,Caryophyllaceae_LEMA,Fabaceae_Gentianaceae,Fabaceae_Plantaginaceae,Fabaceae_Poaceae,Fabaceae_Primulacea,Fabaceae_LEMA,Gentianaceae_Plantaginaceae,Gentianaceae_Poaceae,Gentianaceae_Primulacea,Gentianaceae_LEMA,Plantaginaceae_Poaceae,Plantaginaceae_Primulacea,Plantaginaceae_LEMA,Poaceae_Primulacea,Poaceae_LEMA,Primulacea_LEMA",6,"Acrididae,Aphididae,Geomitridae,Helicidae,Lasiocampidae,Tettigoniidae",32,"Amaranthaceae_Geomitridae,Amaranthaceae_Helicidae,Amaranthaceae_Tettigoniidae,Asteraceae_Geomitridae,Asteraceae_Helicidae,Asteraceae_Tettigoniidae,Caryophyllaceae_Geomitridae,Caryophyllaceae_Helicidae,Caryophyllaceae_Tettigoniidae,Fabaceae_Geomitridae,Fabaceae_Helicidae,Fabaceae_Lasiocampidae,Fabaceae_Tettigoniidae,Gentianaceae_Geomitridae,Gentianaceae_Helicidae,Gentianaceae_Lasiocampidae,Gentianaceae_Tettigoniidae,Plantaginaceae_Geomitridae,Plantaginaceae_Helicidae,Plantaginaceae_Tettigoniidae,Poaceae_Acrididae,Poaceae_Aphididae,Poaceae_Geomitridae,Poaceae_Helicidae,Poaceae_Lasiocampidae,Poaceae_Tettigoniidae,Primulacea_Helicidae,LEMA_Acrididae,LEMA_Geomitridae,LEMA_Helicidae,LEMA_Lasiocampidae,LEMA_Tettigoniidae",5,"Andrenidae,Apidae,Bombyliidae,Megachilidae,Pieridae",24,"Amaranthaceae_Andrenidae,Amaranthaceae_Apidae,Amaranthaceae_Bombyliidae,Amaranthaceae_Megachilidae,Asteraceae_Andrenidae,Asteraceae_Apidae,Asteraceae_Bombyliidae,Asteraceae_Megachilidae,Fabaceae_Andrenidae,Fabaceae_Apidae,Fabaceae_Bombyliidae,Fabaceae_Megachilidae,Gentianaceae_Andrenidae,Gentianaceae_Apidae,Gentianaceae_Bombyliidae,Poaceae_Andrenidae,Poaceae_Apidae,Poaceae_Bombyliidae,Poaceae_Megachilidae,Poaceae_Pieridae,LEMA_Andrenidae,LEMA_Apidae,LEMA_Bombyliidae,LEMA_Megachilidae",0,0,0,0,0,0,"family",NA
"36","LEMA",2021,"code.plant",17,"ANAR,BEMA,CETE,CHFU,CHMI,HOMA,MEEL,MEPO,MESU,PAIN,PLCO,POMA,POMO,SASO,SCLA,SOAS,SPRU",153,"ANAR_BEMA,ANAR_CETE,ANAR_CHFU,ANAR_CHMI,ANAR_HOMA,ANAR_LEMA,ANAR_MEEL,ANAR_MEPO,ANAR_MESU,ANAR_PAIN,ANAR_PLCO,ANAR_POMA,ANAR_POMO,ANAR_SASO,ANAR_SCLA,ANAR_SOAS,ANAR_SPRU,BEMA_CETE,BEMA_CHFU,BEMA_CHMI,BEMA_HOMA,BEMA_LEMA,BEMA_MEEL,BEMA_MEPO,BEMA_MESU,BEMA_PAIN,BEMA_PLCO,BEMA_POMA,BEMA_POMO,BEMA_SASO,BEMA_SCLA,BEMA_SOAS,BEMA_SPRU,CETE_CHFU,CETE_CHMI,CETE_HOMA,CETE_LEMA,CETE_MEEL,CETE_MEPO,CETE_MESU,CETE_PAIN,CETE_PLCO,CETE_POMA,CETE_POMO,CETE_SASO,CETE_SCLA,CETE_SOAS,CETE_SPRU,CHFU_CHMI,CHFU_HOMA,CHFU_LEMA,CHFU_MEEL,CHFU_MEPO,CHFU_MESU,CHFU_PAIN,CHFU_PLCO,CHFU_POMA,CHFU_POMO,CHFU_SASO,CHFU_SCLA,CHFU_SOAS,CHFU_SPRU,CHMI_HOMA,CHMI_LEMA,CHMI_MEEL,CHMI_MEPO,CHMI_MESU,CHMI_PAIN,CHMI_PLCO,CHMI_POMA,CHMI_POMO,CHMI_SASO,CHMI_SCLA,CHMI_SOAS,CHMI_SPRU,HOMA_LEMA,HOMA_MEEL,HOMA_MEPO,HOMA_MESU,HOMA_PAIN,HOMA_PLCO,HOMA_POMA,HOMA_POMO,HOMA_SASO,HOMA_SCLA,HOMA_SOAS,HOMA_SPRU,LEMA_MEEL,LEMA_MEPO,LEMA_MESU,LEMA_PAIN,LEMA_PLCO,LEMA_POMA,LEMA_POMO,LEMA_SASO,LEMA_SCLA,LEMA_SOAS,LEMA_SPRU,MEEL_MEPO,MEEL_MESU,MEEL_PAIN,MEEL_PLCO,MEEL_POMA,MEEL_POMO,MEEL_SASO,MEEL_SCLA,MEEL_SOAS,MEEL_SPRU,MEPO_MESU,MEPO_PAIN,MEPO_PLCO,MEPO_POMA,MEPO_POMO,MEPO_SASO,MEPO_SCLA,MEPO_SOAS,MEPO_SPRU,MESU_PAIN,MESU_PLCO,MESU_POMA,MESU_POMO,MESU_SASO,MESU_SCLA,MESU_SOAS,MESU_SPRU,PAIN_PLCO,PAIN_POMA,PAIN_POMO,PAIN_SASO,PAIN_SCLA,PAIN_SOAS,PAIN_SPRU,PLCO_POMA,PLCO_POMO,PLCO_SASO,PLCO_SCLA,PLCO_SOAS,PLCO_SPRU,POMA_POMO,POMA_SASO,POMA_SCLA,POMA_SOAS,POMA_SPRU,POMO_SASO,POMO_SCLA,POMO_SOAS,POMO_SPRU,SASO_SCLA,SASO_SOAS,SASO_SPRU,SCLA_SOAS,SCLA_SPRU,SOAS_SPRU",9,"Aphis_fabae,Calamobius_filum,Cochlicella_barbara,Conocephalus_dorsalis,Dociostaurus_jagoi,Lasiocampa_trifolii_larva,Otala_lactea,Tessellana_tessellata,Theba_pisana",58,"ANAR_Theba_pisana,BEMA_Cochlicella_barbara,BEMA_Conocephalus_dorsalis,BEMA_Tessellana_tessellata,BEMA_Theba_pisana,CETE_Cochlicella_barbara,CETE_Lasiocampa_trifolii_larva,CETE_Tessellana_tessellata,CETE_Theba_pisana,CHFU_Cochlicella_barbara,CHFU_Theba_pisana,CHMI_Cochlicella_barbara,CHMI_Theba_pisana,HOMA_Aphis_fabae,HOMA_Calamobius_filum,HOMA_Cochlicella_barbara,HOMA_Dociostaurus_jagoi,HOMA_Lasiocampa_trifolii_larva,HOMA_Otala_lactea,HOMA_Tessellana_tessellata,HOMA_Theba_pisana,MEEL_Cochlicella_barbara,MEEL_Tessellana_tessellata,MEEL_Theba_pisana,MEPO_Cochlicella_barbara,MEPO_Theba_pisana,MESU_Cochlicella_barbara,MESU_Lasiocampa_trifolii_larva,MESU_Tessellana_tessellata,MESU_Theba_pisana,PAIN_Cochlicella_barbara,PAIN_Tessellana_tessellata,PAIN_Theba_pisana,PLCO_Cochlicella_barbara,PLCO_Tessellana_tessellata,PLCO_Theba_pisana,POMA_Cochlicella_barbara,POMA_Tessellana_tessellata,POMA_Theba_pisana,POMO_Cochlicella_barbara,POMO_Theba_pisana,SASO_Cochlicella_barbara,SASO_Theba_pisana,SCLA_Cochlicella_barbara,SCLA_Theba_pisana,SOAS_Cochlicella_barbara,SOAS_Tessellana_tessellata,SOAS_Theba_pisana,SPRU_Cochlicella_barbara,SPRU_Tessellana_tessellata,SPRU_Theba_pisana,LEMA_Calamobius_filum,LEMA_Cochlicella_barbara,LEMA_Conocephalus_dorsalis,LEMA_Dociostaurus_jagoi,LEMA_Lasiocampa_trifolii_larva,LEMA_Tessellana_tessellata,LEMA_Theba_pisana",9,"Apis_mellifera,Bombyliidae,Brassicogethes_spp,Coleoptera,Colias_croceus,Diptera,Episyrphus_balteatus,Eupeodes_corollae,Hymenoptera",64,"ANAR_Diptera,ANAR_Hymenoptera,BEMA_Bombyliidae,BEMA_Diptera,BEMA_Episyrphus_balteatus,BEMA_Eupeodes_corollae,BEMA_Hymenoptera,CETE_Bombyliidae,CETE_Brassicogethes_spp,CETE_Diptera,CETE_Eupeodes_corollae,CETE_Hymenoptera,CHFU_Brassicogethes_spp,CHFU_Diptera,CHFU_Eupeodes_corollae,CHFU_Hymenoptera,CHMI_Hymenoptera,HOMA_Apis_mellifera,HOMA_Bombyliidae,HOMA_Brassicogethes_spp,HOMA_Coleoptera,HOMA_Colias_croceus,HOMA_Diptera,HOMA_Episyrphus_balteatus,HOMA_Eupeodes_corollae,HOMA_Hymenoptera,MEEL_Diptera,MEEL_Eupeodes_corollae,MEEL_Hymenoptera,MESU_Bombyliidae,MESU_Brassicogethes_spp,MESU_Diptera,MESU_Eupeodes_corollae,MESU_Hymenoptera,PAIN_Bombyliidae,PAIN_Brassicogethes_spp,PAIN_Diptera,PAIN_Eupeodes_corollae,PAIN_Hymenoptera,PLCO_Brassicogethes_spp,PLCO_Diptera,PLCO_Episyrphus_balteatus,PLCO_Hymenoptera,POMA_Brassicogethes_spp,POMA_Diptera,SASO_Bombyliidae,SASO_Brassicogethes_spp,SASO_Diptera,SASO_Eupeodes_corollae,SCLA_Diptera,SCLA_Hymenoptera,SOAS_Bombyliidae,SOAS_Brassicogethes_spp,SOAS_Diptera,SOAS_Episyrphus_balteatus,SOAS_Eupeodes_corollae,SOAS_Hymenoptera,SPRU_Diptera,SPRU_Hymenoptera,LEMA_Bombyliidae,LEMA_Brassicogethes_spp,LEMA_Diptera,LEMA_Eupeodes_corollae,LEMA_Hymenoptera",0,0,0,0,0,0,"species",NA
