"","X","focal","year","complexity_plant","n.competitors_plant","competitors_plant","n.HOIs_plant","HOIs_plant","n.interactors_H","interactors_H","n.HOIs_H","HOIs_H","n.interactors_FV","interactors_FV","n.HOIs_FV","HOIs_FV","n.competitors_plant_inclus","competitors_plant_inclus","n.competitors_FV_inclus","n.competitors_H_inclus","n.HOIs_plant_inclus","n.HOIs_H_inclus","n.HOIs_FV_inclus","complexity.animal","competitors_H_inclus","competitors_FV_inclus","HOIs_plant_inclus","HOIs_H_inclus","HOIs_FV_inclus"
"1",1,"LEMA",2019,"class",2,"Forb,Grass",3,"Forb_Grass,Forb_LEMA,Grass_LEMA",4,"beetle,caterpillar,grasshopper,snail",12,"Forb_beetle,Forb_caterpillar,Forb_grasshopper,Forb_snail,Grass_beetle,Grass_caterpillar,Grass_grasshopper,Grass_snail,LEMA_beetle,LEMA_caterpillar,LEMA_grasshopper,LEMA_snail",2,"bee,fly",6,"Forb_bee,Forb_fly,Grass_bee,Grass_fly,LEMA_bee,LEMA_fly",1,"Grass",0,0,0,0,0,"group",NA,NA,NA,NA,NA
"2",2,"LEMA",2019,"family",8,"Amaranthaceae,Asteraceae,Caryophyllaceae,Fabaceae,Gentianaceae,Plantaginaceae,Poaceae,Ranunculuc",36,"Amaranthaceae_Asteraceae,Amaranthaceae_Caryophyllaceae,Amaranthaceae_Fabaceae,Amaranthaceae_Gentianaceae,Amaranthaceae_Plantaginaceae,Amaranthaceae_Poaceae,Amaranthaceae_Ranunculuc,Amaranthaceae_LEMA,Asteraceae_Caryophyllaceae,Asteraceae_Fabaceae,Asteraceae_Gentianaceae,Asteraceae_Plantaginaceae,Asteraceae_Poaceae,Asteraceae_Ranunculuc,Asteraceae_LEMA,Caryophyllaceae_Fabaceae,Caryophyllaceae_Gentianaceae,Caryophyllaceae_Plantaginaceae,Caryophyllaceae_Poaceae,Caryophyllaceae_Ranunculuc,Caryophyllaceae_LEMA,Fabaceae_Gentianaceae,Fabaceae_Plantaginaceae,Fabaceae_Poaceae,Fabaceae_Ranunculuc,Fabaceae_LEMA,Gentianaceae_Plantaginaceae,Gentianaceae_Poaceae,Gentianaceae_Ranunculuc,Gentianaceae_LEMA,Plantaginaceae_Poaceae,Plantaginaceae_Ranunculuc,Plantaginaceae_LEMA,Poaceae_Ranunculuc,Poaceae_LEMA,Ranunculuc_LEMA",8,"Aphididae,Chrysomelidae,Coccinellidae,Geomitridae,Gryllidae,Helicidae,Nitidulidae,Tettigoniidae",47,"Amaranthaceae_Coccinellidae,Amaranthaceae_Geomitridae,Amaranthaceae_Gryllidae,Amaranthaceae_Helicidae,Amaranthaceae_Nitidulidae,Asteraceae_Aphididae,Asteraceae_Coccinellidae,Asteraceae_Geomitridae,Asteraceae_Helicidae,Asteraceae_Nitidulidae,Caryophyllaceae_Coccinellidae,Caryophyllaceae_Helicidae,Caryophyllaceae_Nitidulidae,Fabaceae_Aphididae,Fabaceae_Chrysomelidae,Fabaceae_Coccinellidae,Fabaceae_Geomitridae,Fabaceae_Gryllidae,Fabaceae_Helicidae,Fabaceae_Nitidulidae,Gentianaceae_Coccinellidae,Gentianaceae_Geomitridae,Gentianaceae_Helicidae,Gentianaceae_Nitidulidae,Plantaginaceae_Coccinellidae,Plantaginaceae_Geomitridae,Plantaginaceae_Helicidae,Plantaginaceae_Nitidulidae,Poaceae_Aphididae,Poaceae_Chrysomelidae,Poaceae_Coccinellidae,Poaceae_Geomitridae,Poaceae_Gryllidae,Poaceae_Helicidae,Poaceae_Nitidulidae,Poaceae_Tettigoniidae,Ranunculuc_Coccinellidae,Ranunculuc_Geomitridae,Ranunculuc_Helicidae,Ranunculuc_Nitidulidae,LEMA_Aphididae,LEMA_Chrysomelidae,LEMA_Coccinellidae,LEMA_Geomitridae,LEMA_Helicidae,LEMA_Nitidulidae,LEMA_Tettigoniidae",8,"Andrenidae,Apidae,Bibionidae,Muscidae,Oedemeridae,Stratiomyidae,Syrphidae,Tabanidae",53,"Amaranthaceae_Andrenidae,Amaranthaceae_Apidae,Amaranthaceae_Bibionidae,Amaranthaceae_Oedemeridae,Amaranthaceae_Stratiomyidae,Amaranthaceae_Syrphidae,Asteraceae_Andrenidae,Asteraceae_Apidae,Asteraceae_Bibionidae,Asteraceae_Oedemeridae,Asteraceae_Stratiomyidae,Asteraceae_Syrphidae,Caryophyllaceae_Bibionidae,Caryophyllaceae_Syrphidae,Fabaceae_Andrenidae,Fabaceae_Apidae,Fabaceae_Bibionidae,Fabaceae_Oedemeridae,Fabaceae_Stratiomyidae,Fabaceae_Syrphidae,Gentianaceae_Andrenidae,Gentianaceae_Apidae,Gentianaceae_Bibionidae,Gentianaceae_Oedemeridae,Gentianaceae_Stratiomyidae,Gentianaceae_Syrphidae,Plantaginaceae_Apidae,Plantaginaceae_Bibionidae,Plantaginaceae_Oedemeridae,Plantaginaceae_Stratiomyidae,Plantaginaceae_Syrphidae,Poaceae_Andrenidae,Poaceae_Apidae,Poaceae_Bibionidae,Poaceae_Muscidae,Poaceae_Oedemeridae,Poaceae_Stratiomyidae,Poaceae_Syrphidae,Poaceae_Tabanidae,Ranunculuc_Andrenidae,Ranunculuc_Apidae,Ranunculuc_Bibionidae,Ranunculuc_Oedemeridae,Ranunculuc_Stratiomyidae,Ranunculuc_Syrphidae,LEMA_Andrenidae,LEMA_Apidae,LEMA_Bibionidae,LEMA_Muscidae,LEMA_Oedemeridae,LEMA_Stratiomyidae,LEMA_Syrphidae,LEMA_Tabanidae",1,"Poaceae",0,0,0,0,0,"family",NA,NA,NA,NA,NA
"4",4,"LEMA",2020,"class",2,"Forb,Grass",3,"Forb_Grass,Forb_LEMA,Grass_LEMA",7,"beetle,caterpillar,grasshopper,leafhopper,mite,snail,trip",16,"Forb_beetle,Forb_caterpillar,Forb_grasshopper,Forb_mite,Forb_snail,Forb_trip,Grass_beetle,Grass_caterpillar,Grass_grasshopper,Grass_snail,Grass_trip,LEMA_beetle,LEMA_caterpillar,LEMA_grasshopper,LEMA_mite,LEMA_snail",4,"bee,butterfly,fly,wasp",12,"Forb_bee,Forb_butterfly,Forb_fly,Forb_wasp,Grass_bee,Grass_butterfly,Grass_fly,Grass_wasp,LEMA_bee,LEMA_butterfly,LEMA_fly,LEMA_wasp",1,"Grass",0,1,0,0,0,"group","beetle",NA,NA,NA,NA
"5",5,"LEMA",2020,"family",9,"Amaranthaceae,Asteraceae,Caryophyllaceae,Fabaceae,Gentianaceae,Plantaginaceae,Poaceae,Primulacea,Ranunculuc",45,"Amaranthaceae_Asteraceae,Amaranthaceae_Caryophyllaceae,Amaranthaceae_Fabaceae,Amaranthaceae_Gentianaceae,Amaranthaceae_Plantaginaceae,Amaranthaceae_Poaceae,Amaranthaceae_Primulacea,Amaranthaceae_Ranunculuc,Amaranthaceae_LEMA,Asteraceae_Caryophyllaceae,Asteraceae_Fabaceae,Asteraceae_Gentianaceae,Asteraceae_Plantaginaceae,Asteraceae_Poaceae,Asteraceae_Primulacea,Asteraceae_Ranunculuc,Asteraceae_LEMA,Caryophyllaceae_Fabaceae,Caryophyllaceae_Gentianaceae,Caryophyllaceae_Plantaginaceae,Caryophyllaceae_Poaceae,Caryophyllaceae_Primulacea,Caryophyllaceae_Ranunculuc,Caryophyllaceae_LEMA,Fabaceae_Gentianaceae,Fabaceae_Plantaginaceae,Fabaceae_Poaceae,Fabaceae_Primulacea,Fabaceae_Ranunculuc,Fabaceae_LEMA,Gentianaceae_Plantaginaceae,Gentianaceae_Poaceae,Gentianaceae_Primulacea,Gentianaceae_Ranunculuc,Gentianaceae_LEMA,Plantaginaceae_Poaceae,Plantaginaceae_Primulacea,Plantaginaceae_Ranunculuc,Plantaginaceae_LEMA,Poaceae_Primulacea,Poaceae_Ranunculuc,Poaceae_LEMA,Primulacea_Ranunculuc,Primulacea_LEMA,Ranunculuc_LEMA",12,"Acrididae,Aphididae,Chrysomelidae,Coccinellidae,Curculionidae,Geomitridae,Helicidae,Miridae,Mordellidae,Nitidulidae,Tetranychidae,Tettigoniidae",70,"Amaranthaceae_Chrysomelidae,Amaranthaceae_Curculionidae,Amaranthaceae_Geomitridae,Amaranthaceae_Helicidae,Amaranthaceae_Miridae,Amaranthaceae_Mordellidae,Amaranthaceae_Nitidulidae,Amaranthaceae_Tetranychidae,Amaranthaceae_Tettigoniidae,Asteraceae_Aphididae,Asteraceae_Chrysomelidae,Asteraceae_Curculionidae,Asteraceae_Geomitridae,Asteraceae_Helicidae,Asteraceae_Mordellidae,Asteraceae_Nitidulidae,Asteraceae_Tettigoniidae,Caryophyllaceae_Chrysomelidae,Caryophyllaceae_Curculionidae,Caryophyllaceae_Geomitridae,Caryophyllaceae_Helicidae,Caryophyllaceae_Nitidulidae,Fabaceae_Aphididae,Fabaceae_Chrysomelidae,Fabaceae_Curculionidae,Fabaceae_Geomitridae,Fabaceae_Helicidae,Fabaceae_Nitidulidae,Fabaceae_Tettigoniidae,Gentianaceae_Aphididae,Gentianaceae_Chrysomelidae,Gentianaceae_Coccinellidae,Gentianaceae_Curculionidae,Gentianaceae_Geomitridae,Gentianaceae_Helicidae,Gentianaceae_Miridae,Gentianaceae_Mordellidae,Gentianaceae_Nitidulidae,Gentianaceae_Tetranychidae,Gentianaceae_Tettigoniidae,Plantaginaceae_Chrysomelidae,Plantaginaceae_Geomitridae,Plantaginaceae_Helicidae,Plantaginaceae_Nitidulidae,Plantaginaceae_Tettigoniidae,Poaceae_Acrididae,Poaceae_Chrysomelidae,Poaceae_Coccinellidae,Poaceae_Curculionidae,Poaceae_Geomitridae,Poaceae_Helicidae,Poaceae_Nitidulidae,Poaceae_Tettigoniidae,Primulacea_Geomitridae,Primulacea_Nitidulidae,Ranunculuc_Geomitridae,Ranunculuc_Nitidulidae,Ranunculuc_Tettigoniidae,LEMA_Acrididae,LEMA_Aphididae,LEMA_Chrysomelidae,LEMA_Coccinellidae,LEMA_Curculionidae,LEMA_Geomitridae,LEMA_Helicidae,LEMA_Miridae,LEMA_Mordellidae,LEMA_Nitidulidae,LEMA_Tetranychidae,LEMA_Tettigoniidae",17,"Andrenidae,Bibionidae,Bombyliidae,Empididae,Geometridae,Halictidae,Lasiocampidae,Megachilidae,Muscidae,Oedemeridae,Pieridae,Sarcophagidae,Stratiomyidae,Syrphidae,Tabanidae,Tachinidae,Ulidiidae",86,"Amaranthaceae_Andrenidae,Amaranthaceae_Bibionidae,Amaranthaceae_Bombyliidae,Amaranthaceae_Halictidae,Amaranthaceae_Muscidae,Amaranthaceae_Oedemeridae,Amaranthaceae_Sarcophagidae,Amaranthaceae_Syrphidae,Amaranthaceae_Tabanidae,Amaranthaceae_Ulidiidae,Asteraceae_Andrenidae,Asteraceae_Bombyliidae,Asteraceae_Halictidae,Asteraceae_Lasiocampidae,Asteraceae_Muscidae,Asteraceae_Oedemeridae,Asteraceae_Pieridae,Asteraceae_Sarcophagidae,Asteraceae_Syrphidae,Asteraceae_Tabanidae,Asteraceae_Tachinidae,Asteraceae_Ulidiidae,Caryophyllaceae_Andrenidae,Caryophyllaceae_Bombyliidae,Caryophyllaceae_Halictidae,Caryophyllaceae_Muscidae,Caryophyllaceae_Oedemeridae,Caryophyllaceae_Syrphidae,Caryophyllaceae_Tachinidae,Fabaceae_Andrenidae,Fabaceae_Bombyliidae,Fabaceae_Halictidae,Fabaceae_Oedemeridae,Fabaceae_Syrphidae,Fabaceae_Tachinidae,Gentianaceae_Andrenidae,Gentianaceae_Bibionidae,Gentianaceae_Bombyliidae,Gentianaceae_Halictidae,Gentianaceae_Megachilidae,Gentianaceae_Muscidae,Gentianaceae_Oedemeridae,Gentianaceae_Sarcophagidae,Gentianaceae_Stratiomyidae,Gentianaceae_Syrphidae,Gentianaceae_Tabanidae,Plantaginaceae_Andrenidae,Plantaginaceae_Halictidae,Plantaginaceae_Muscidae,Plantaginaceae_Oedemeridae,Plantaginaceae_Sarcophagidae,Plantaginaceae_Syrphidae,Plantaginaceae_Tachinidae,Plantaginaceae_Ulidiidae,Poaceae_Andrenidae,Poaceae_Bombyliidae,Poaceae_Geometridae,Poaceae_Halictidae,Poaceae_Lasiocampidae,Poaceae_Muscidae,Poaceae_Oedemeridae,Poaceae_Pieridae,Poaceae_Stratiomyidae,Poaceae_Syrphidae,Poaceae_Tabanidae,Poaceae_Tachinidae,Poaceae_Ulidiidae,Ranunculuc_Andrenidae,Ranunculuc_Halictidae,Ranunculuc_Stratiomyidae,Ranunculuc_Syrphidae,LEMA_Andrenidae,LEMA_Bibionidae,LEMA_Bombyliidae,LEMA_Empididae,LEMA_Halictidae,LEMA_Lasiocampidae,LEMA_Megachilidae,LEMA_Muscidae,LEMA_Oedemeridae,LEMA_Sarcophagidae,LEMA_Stratiomyidae,LEMA_Syrphidae,LEMA_Tabanidae,LEMA_Tachinidae,LEMA_Ulidiidae",1,"Poaceae",0,0,0,0,0,"family",NA,NA,NA,NA,NA
"6",6,"LEMA",2020,"code.plant",19,"ANAR,BEMA,CETE,CHFU,CHMI,HOMA,MEEL,MEPO,MESU,PAIN,PLCO,POMA,POMO,PUPA,RAPE,SASO,SCLA,SOAS,SPRU",190,"ANAR_BEMA,ANAR_CETE,ANAR_CHFU,ANAR_CHMI,ANAR_HOMA,ANAR_focal_neighbour,ANAR_MEEL,ANAR_MEPO,ANAR_MESU,ANAR_PAIN,ANAR_PLCO,ANAR_POMA,ANAR_POMO,ANAR_PUPA,ANAR_RAPE,ANAR_SASO,ANAR_SCLA,ANAR_SOAS,ANAR_SPRU,BEMA_CETE,BEMA_CHFU,BEMA_CHMI,BEMA_HOMA,BEMA_focal_neighbour,BEMA_MEEL,BEMA_MEPO,BEMA_MESU,BEMA_PAIN,BEMA_PLCO,BEMA_POMA,BEMA_POMO,BEMA_PUPA,BEMA_RAPE,BEMA_SASO,BEMA_SCLA,BEMA_SOAS,BEMA_SPRU,CETE_CHFU,CETE_CHMI,CETE_HOMA,CETE_focal_neighbour,CETE_MEEL,CETE_MEPO,CETE_MESU,CETE_PAIN,CETE_PLCO,CETE_POMA,CETE_POMO,CETE_PUPA,CETE_RAPE,CETE_SASO,CETE_SCLA,CETE_SOAS,CETE_SPRU,CHFU_CHMI,CHFU_HOMA,CHFU_focal_neighbour,CHFU_MEEL,CHFU_MEPO,CHFU_MESU,CHFU_PAIN,CHFU_PLCO,CHFU_POMA,CHFU_POMO,CHFU_PUPA,CHFU_RAPE,CHFU_SASO,CHFU_SCLA,CHFU_SOAS,CHFU_SPRU,CHMI_HOMA,CHMI_focal_neighbour,CHMI_MEEL,CHMI_MEPO,CHMI_MESU,CHMI_PAIN,CHMI_PLCO,CHMI_POMA,CHMI_POMO,CHMI_PUPA,CHMI_RAPE,CHMI_SASO,CHMI_SCLA,CHMI_SOAS,CHMI_SPRU,HOMA_focal_neighbour,HOMA_MEEL,HOMA_MEPO,HOMA_MESU,HOMA_PAIN,HOMA_PLCO,HOMA_POMA,HOMA_POMO,HOMA_PUPA,HOMA_RAPE,HOMA_SASO,HOMA_SCLA,HOMA_SOAS,HOMA_SPRU,focal_neighbour_MEEL,focal_neighbour_MEPO,focal_neighbour_MESU,focal_neighbour_PAIN,focal_neighbour_PLCO,focal_neighbour_POMA,focal_neighbour_POMO,focal_neighbour_PUPA,focal_neighbour_RAPE,focal_neighbour_SASO,focal_neighbour_SCLA,focal_neighbour_SOAS,focal_neighbour_SPRU,MEEL_MEPO,MEEL_MESU,MEEL_PAIN,MEEL_PLCO,MEEL_POMA,MEEL_POMO,MEEL_PUPA,MEEL_RAPE,MEEL_SASO,MEEL_SCLA,MEEL_SOAS,MEEL_SPRU,MEPO_MESU,MEPO_PAIN,MEPO_PLCO,MEPO_POMA,MEPO_POMO,MEPO_PUPA,MEPO_RAPE,MEPO_SASO,MEPO_SCLA,MEPO_SOAS,MEPO_SPRU,MESU_PAIN,MESU_PLCO,MESU_POMA,MESU_POMO,MESU_PUPA,MESU_RAPE,MESU_SASO,MESU_SCLA,MESU_SOAS,MESU_SPRU,PAIN_PLCO,PAIN_POMA,PAIN_POMO,PAIN_PUPA,PAIN_RAPE,PAIN_SASO,PAIN_SCLA,PAIN_SOAS,PAIN_SPRU,PLCO_POMA,PLCO_POMO,PLCO_PUPA,PLCO_RAPE,PLCO_SASO,PLCO_SCLA,PLCO_SOAS,PLCO_SPRU,POMA_POMO,POMA_PUPA,POMA_RAPE,POMA_SASO,POMA_SCLA,POMA_SOAS,POMA_SPRU,POMO_PUPA,POMO_RAPE,POMO_SASO,POMO_SCLA,POMO_SOAS,POMO_SPRU,PUPA_RAPE,PUPA_SASO,PUPA_SCLA,PUPA_SOAS,PUPA_SPRU,RAPE_SASO,RAPE_SCLA,RAPE_SOAS,RAPE_SPRU,SASO_SCLA,SASO_SOAS,SASO_SPRU,SCLA_SOAS,SCLA_SPRU,SOAS_SPRU",18,"Aiolopus_strepens,Aphis_fabae,Brassicogethes_spp,Cassida_spp,Cicadidae,Cochlicella_barbara,Conocephalus_dorsalis,Cryptocephalus_spp,Curculionidae,Lasiocampa_trifolii_larva,Miridae,Mordellidae,Nitidulidae,Orthoptera,Tessellana_tessellata,Tetranychus_urticae,Theba_pisana,Thysanoptera",129,"ANAR_Brassicogethes_spp,ANAR_Cochlicella_barbara,BEMA_Brassicogethes_spp,BEMA_Cassida_spp,BEMA_Cochlicella_barbara,BEMA_Cryptocephalus_spp,BEMA_Curculionidae,BEMA_Lasiocampa_trifolii_larva,BEMA_Miridae,BEMA_Mordellidae,BEMA_Nitidulidae,BEMA_Tessellana_tessellata,BEMA_Tetranychus_urticae,BEMA_Theba_pisana,BEMA_Thysanoptera,CETE_Aphis_fabae,CETE_Brassicogethes_spp,CETE_Cochlicella_barbara,CETE_Cryptocephalus_spp,CETE_Curculionidae,CETE_Lasiocampa_trifolii_larva,CETE_Miridae,CETE_Mordellidae,CETE_Nitidulidae,CETE_Orthoptera,CETE_Tessellana_tessellata,CETE_Tetranychus_urticae,CETE_Theba_pisana,CHFU_Brassicogethes_spp,CHFU_Cochlicella_barbara,CHFU_Cryptocephalus_spp,CHFU_Lasiocampa_trifolii_larva,CHFU_Tessellana_tessellata,CHFU_Theba_pisana,CHMI_Brassicogethes_spp,CHMI_Cochlicella_barbara,CHMI_Tessellana_tessellata,HOMA_Aiolopus_strepens,HOMA_Brassicogethes_spp,HOMA_Cassida_spp,HOMA_Cochlicella_barbara,HOMA_Cryptocephalus_spp,HOMA_Lasiocampa_trifolii_larva,HOMA_Tessellana_tessellata,HOMA_Theba_pisana,HOMA_Thysanoptera,MEEL_Brassicogethes_spp,MEPO_Lasiocampa_trifolii_larva,MESU_Aphis_fabae,MESU_Brassicogethes_spp,MESU_Cochlicella_barbara,MESU_Cryptocephalus_spp,MESU_Curculionidae,MESU_Lasiocampa_trifolii_larva,MESU_Orthoptera,MESU_Tessellana_tessellata,MESU_Theba_pisana,PAIN_Aiolopus_strepens,PAIN_Brassicogethes_spp,PAIN_Cochlicella_barbara,PAIN_Lasiocampa_trifolii_larva,PAIN_Tessellana_tessellata,PAIN_Theba_pisana,PLCO_Brassicogethes_spp,PLCO_Cochlicella_barbara,PLCO_Cryptocephalus_spp,PLCO_Lasiocampa_trifolii_larva,PLCO_Tessellana_tessellata,PLCO_Theba_pisana,POMA_Brassicogethes_spp,POMA_Cochlicella_barbara,POMA_Conocephalus_dorsalis,POMA_Curculionidae,POMA_Lasiocampa_trifolii_larva,POMA_Tessellana_tessellata,POMA_Theba_pisana,POMO_Brassicogethes_spp,POMO_Cochlicella_barbara,POMO_Cryptocephalus_spp,POMO_Theba_pisana,PUPA_Aphis_fabae,PUPA_Brassicogethes_spp,PUPA_Cochlicella_barbara,PUPA_Tessellana_tessellata,PUPA_Theba_pisana,RAPE_Brassicogethes_spp,RAPE_Cochlicella_barbara,RAPE_Tessellana_tessellata,SASO_Brassicogethes_spp,SASO_Cassida_spp,SASO_Cochlicella_barbara,SASO_Lasiocampa_trifolii_larva,SASO_Orthoptera,SASO_Theba_pisana,SCLA_Brassicogethes_spp,SCLA_Cassida_spp,SCLA_Cochlicella_barbara,SCLA_Cryptocephalus_spp,SCLA_Lasiocampa_trifolii_larva,SCLA_Mordellidae,SCLA_Tessellana_tessellata,SCLA_Theba_pisana,SOAS_Brassicogethes_spp,SOAS_Cassida_spp,SOAS_Cochlicella_barbara,SOAS_Curculionidae,SOAS_Tessellana_tessellata,SOAS_Theba_pisana,SPRU_Brassicogethes_spp,SPRU_Cochlicella_barbara,SPRU_Cryptocephalus_spp,SPRU_Curculionidae,SPRU_Theba_pisana,focal_neighbour_Aiolopus_strepens,focal_neighbour_Aphis_fabae,focal_neighbour_Brassicogethes_spp,focal_neighbour_Cassida_spp,focal_neighbour_Cochlicella_barbara,focal_neighbour_Conocephalus_dorsalis,focal_neighbour_Cryptocephalus_spp,focal_neighbour_Curculionidae,focal_neighbour_Lasiocampa_trifolii_larva,focal_neighbour_Miridae,focal_neighbour_Mordellidae,focal_neighbour_Nitidulidae,focal_neighbour_Orthoptera,focal_neighbour_Tessellana_tessellata,focal_neighbour_Tetranychus_urticae,focal_neighbour_Theba_pisana",27,"Anastoechus_spp,Andrena_humilis,Andrena_spp,Bombyliidae,Bombylius_major,Cylindromyia_sp_red_color,Dilophus_spp,Diptera,Empis_spp,Episyrphus_balteatus,Eristalis_similis,Euchloe_crameri,Geometridae,Lasiocampa_trifolii,Lasioglossum_immunitum,Lasioglossum_malachurum,Lepidoptera,Malachius_bipustulatus,Musca_spp,Nemotelus_spp,Oedemeridae,Osmia_ligurica,Psilothrix_viridicoerulea,Sarcophaga_spp,Sphaerophoria_scripta,Tabanidae,Ulidiidae_sp_wings_with_pattern",171,"BEMA_Anastoechus_spp,BEMA_Andrena_humilis,BEMA_Andrena_spp,BEMA_Bombyliidae,BEMA_Dilophus_spp,BEMA_Episyrphus_balteatus,BEMA_Lasioglossum_immunitum,BEMA_Lasioglossum_malachurum,BEMA_Lepidoptera,BEMA_Malachius_bipustulatus,BEMA_Musca_spp,BEMA_Oedemeridae,BEMA_Psilothrix_viridicoerulea,BEMA_Sphaerophoria_scripta,BEMA_Tabanidae,BEMA_Ulidiidae_sp_wings_with_pattern,CETE_Anastoechus_spp,CETE_Andrena_humilis,CETE_Andrena_spp,CETE_Bombyliidae,CETE_Bombylius_major,CETE_Dilophus_spp,CETE_Diptera,CETE_Lasioglossum_malachurum,CETE_Malachius_bipustulatus,CETE_Musca_spp,CETE_Nemotelus_spp,CETE_Oedemeridae,CETE_Osmia_ligurica,CETE_Psilothrix_viridicoerulea,CETE_Sarcophaga_spp,CETE_Sphaerophoria_scripta,CETE_Tabanidae,CHFU_Anastoechus_spp,CHFU_Andrena_humilis,CHFU_Bombyliidae,CHFU_Cylindromyia_sp_red_color,CHFU_Episyrphus_balteatus,CHFU_Euchloe_crameri,CHFU_Musca_spp,CHFU_Psilothrix_viridicoerulea,CHFU_Sphaerophoria_scripta,CHMI_Andrena_spp,CHMI_Psilothrix_viridicoerulea,HOMA_Anastoechus_spp,HOMA_Andrena_humilis,HOMA_Andrena_spp,HOMA_Bombyliidae,HOMA_Bombylius_major,HOMA_Cylindromyia_sp_red_color,HOMA_Episyrphus_balteatus,HOMA_Euchloe_crameri,HOMA_Geometridae,HOMA_Lasioglossum_immunitum,HOMA_Lasioglossum_malachurum,HOMA_Malachius_bipustulatus,HOMA_Musca_spp,HOMA_Oedemeridae,HOMA_Psilothrix_viridicoerulea,HOMA_Sphaerophoria_scripta,HOMA_Tabanidae,HOMA_Ulidiidae_sp_wings_with_pattern,MESU_Anastoechus_spp,MESU_Andrena_humilis,MESU_Andrena_spp,MESU_Cylindromyia_sp_red_color,MESU_Lasioglossum_malachurum,MESU_Malachius_bipustulatus,MESU_Oedemeridae,MESU_Psilothrix_viridicoerulea,MESU_Sphaerophoria_scripta,PAIN_Andrena_humilis,PAIN_Andrena_spp,PAIN_Euchloe_crameri,PAIN_Lasioglossum_malachurum,PAIN_Nemotelus_spp,PAIN_Psilothrix_viridicoerulea,PAIN_Sphaerophoria_scripta,PAIN_Tabanidae,PLCO_Andrena_humilis,PLCO_Andrena_spp,PLCO_Cylindromyia_sp_red_color,PLCO_Eristalis_similis,PLCO_Lasioglossum_malachurum,PLCO_Malachius_bipustulatus,PLCO_Musca_spp,PLCO_Oedemeridae,PLCO_Psilothrix_viridicoerulea,PLCO_Sarcophaga_spp,PLCO_Sphaerophoria_scripta,PLCO_Ulidiidae_sp_wings_with_pattern,POMA_Andrena_humilis,POMA_Cylindromyia_sp_red_color,POMA_Episyrphus_balteatus,POMA_Lasiocampa_trifolii,POMA_Lasioglossum_malachurum,POMA_Nemotelus_spp,POMA_Oedemeridae,POMA_Psilothrix_viridicoerulea,POMA_Sphaerophoria_scripta,POMO_Andrena_humilis,POMO_Malachius_bipustulatus,POMO_Psilothrix_viridicoerulea,PUPA_Andrena_humilis,PUPA_Bombyliidae,PUPA_Psilothrix_viridicoerulea,PUPA_Sphaerophoria_scripta,RAPE_Andrena_humilis,RAPE_Lasioglossum_malachurum,RAPE_Nemotelus_spp,RAPE_Sphaerophoria_scripta,SASO_Anastoechus_spp,SASO_Andrena_humilis,SASO_Andrena_spp,SASO_Bombyliidae,SASO_Lasioglossum_malachurum,SASO_Musca_spp,SASO_Psilothrix_viridicoerulea,SASO_Sarcophaga_spp,SASO_Sphaerophoria_scripta,SCLA_Anastoechus_spp,SCLA_Andrena_humilis,SCLA_Bombyliidae,SCLA_Lasioglossum_malachurum,SCLA_Musca_spp,SCLA_Psilothrix_viridicoerulea,SCLA_Sphaerophoria_scripta,SCLA_Tabanidae,SOAS_Andrena_humilis,SOAS_Bombyliidae,SOAS_Episyrphus_balteatus,SOAS_Lasiocampa_trifolii,SOAS_Lasioglossum_malachurum,SOAS_Oedemeridae,SOAS_Psilothrix_viridicoerulea,SOAS_Sarcophaga_spp,SOAS_Sphaerophoria_scripta,SOAS_Ulidiidae_sp_wings_with_pattern,SPRU_Anastoechus_spp,SPRU_Andrena_humilis,SPRU_Andrena_spp,SPRU_Cylindromyia_sp_red_color,SPRU_Lasioglossum_malachurum,SPRU_Musca_spp,SPRU_Oedemeridae,SPRU_Psilothrix_viridicoerulea,SPRU_Sphaerophoria_scripta,focal_neighbour_Anastoechus_spp,focal_neighbour_Andrena_humilis,focal_neighbour_Andrena_spp,focal_neighbour_Bombyliidae,focal_neighbour_Bombylius_major,focal_neighbour_Cylindromyia_sp_red_color,focal_neighbour_Dilophus_spp,focal_neighbour_Diptera,focal_neighbour_Empis_spp,focal_neighbour_Episyrphus_balteatus,focal_neighbour_Lasiocampa_trifolii,focal_neighbour_Lasioglossum_immunitum,focal_neighbour_Lasioglossum_malachurum,focal_neighbour_Lepidoptera,focal_neighbour_Malachius_bipustulatus,focal_neighbour_Musca_spp,focal_neighbour_Nemotelus_spp,focal_neighbour_Oedemeridae,focal_neighbour_Osmia_ligurica,focal_neighbour_Psilothrix_viridicoerulea,focal_neighbour_Sarcophaga_spp,focal_neighbour_Sphaerophoria_scripta,focal_neighbour_Tabanidae,focal_neighbour_Ulidiidae_sp_wings_with_pattern",1,"HOMA",0,0,0,0,0,"species",NA,NA,NA,NA,NA
"7",7,"LEMA",2021,"class",2,"Forb,Grass",3,"Forb_Grass,Forb_LEMA,Grass_LEMA",4,"beetle,caterpillar,grasshopper,snail",12,"Forb_beetle,Forb_caterpillar,Forb_grasshopper,Forb_snail,Grass_beetle,Grass_caterpillar,Grass_grasshopper,Grass_snail,LEMA_beetle,LEMA_caterpillar,LEMA_grasshopper,LEMA_snail",3,"bee,butterfly,fly",9,"Forb_bee,Forb_butterfly,Forb_fly,Grass_bee,Grass_butterfly,Grass_fly,LEMA_bee,LEMA_butterfly,LEMA_fly",1,"Grass",0,0,0,0,0,"group",NA,NA,NA,NA,NA
"9",9,"LEMA",2021,"code.plant",17,"ANAR,BEMA,CETE,CHFU,CHMI,HOMA,MEEL,MEPO,MESU,PAIN,PLCO,POMA,POMO,SASO,SCLA,SOAS,SPRU",153,"ANAR_BEMA,ANAR_CETE,ANAR_CHFU,ANAR_CHMI,ANAR_HOMA,ANAR_focal_neighbour,ANAR_MEEL,ANAR_MEPO,ANAR_MESU,ANAR_PAIN,ANAR_PLCO,ANAR_POMA,ANAR_POMO,ANAR_SASO,ANAR_SCLA,ANAR_SOAS,ANAR_SPRU,BEMA_CETE,BEMA_CHFU,BEMA_CHMI,BEMA_HOMA,BEMA_focal_neighbour,BEMA_MEEL,BEMA_MEPO,BEMA_MESU,BEMA_PAIN,BEMA_PLCO,BEMA_POMA,BEMA_POMO,BEMA_SASO,BEMA_SCLA,BEMA_SOAS,BEMA_SPRU,CETE_CHFU,CETE_CHMI,CETE_HOMA,CETE_focal_neighbour,CETE_MEEL,CETE_MEPO,CETE_MESU,CETE_PAIN,CETE_PLCO,CETE_POMA,CETE_POMO,CETE_SASO,CETE_SCLA,CETE_SOAS,CETE_SPRU,CHFU_CHMI,CHFU_HOMA,CHFU_focal_neighbour,CHFU_MEEL,CHFU_MEPO,CHFU_MESU,CHFU_PAIN,CHFU_PLCO,CHFU_POMA,CHFU_POMO,CHFU_SASO,CHFU_SCLA,CHFU_SOAS,CHFU_SPRU,CHMI_HOMA,CHMI_focal_neighbour,CHMI_MEEL,CHMI_MEPO,CHMI_MESU,CHMI_PAIN,CHMI_PLCO,CHMI_POMA,CHMI_POMO,CHMI_SASO,CHMI_SCLA,CHMI_SOAS,CHMI_SPRU,HOMA_focal_neighbour,HOMA_MEEL,HOMA_MEPO,HOMA_MESU,HOMA_PAIN,HOMA_PLCO,HOMA_POMA,HOMA_POMO,HOMA_SASO,HOMA_SCLA,HOMA_SOAS,HOMA_SPRU,focal_neighbour_MEEL,focal_neighbour_MEPO,focal_neighbour_MESU,focal_neighbour_PAIN,focal_neighbour_PLCO,focal_neighbour_POMA,focal_neighbour_POMO,focal_neighbour_SASO,focal_neighbour_SCLA,focal_neighbour_SOAS,focal_neighbour_SPRU,MEEL_MEPO,MEEL_MESU,MEEL_PAIN,MEEL_PLCO,MEEL_POMA,MEEL_POMO,MEEL_SASO,MEEL_SCLA,MEEL_SOAS,MEEL_SPRU,MEPO_MESU,MEPO_PAIN,MEPO_PLCO,MEPO_POMA,MEPO_POMO,MEPO_SASO,MEPO_SCLA,MEPO_SOAS,MEPO_SPRU,MESU_PAIN,MESU_PLCO,MESU_POMA,MESU_POMO,MESU_SASO,MESU_SCLA,MESU_SOAS,MESU_SPRU,PAIN_PLCO,PAIN_POMA,PAIN_POMO,PAIN_SASO,PAIN_SCLA,PAIN_SOAS,PAIN_SPRU,PLCO_POMA,PLCO_POMO,PLCO_SASO,PLCO_SCLA,PLCO_SOAS,PLCO_SPRU,POMA_POMO,POMA_SASO,POMA_SCLA,POMA_SOAS,POMA_SPRU,POMO_SASO,POMO_SCLA,POMO_SOAS,POMO_SPRU,SASO_SCLA,SASO_SOAS,SASO_SPRU,SCLA_SOAS,SCLA_SPRU,SOAS_SPRU",13,"Aelia_spp,Agapanthia_annularis,Aphis_fabae,Calamobius_filum,Cochlicella_barbara,Conocephalus_dorsalis,Dociostaurus_jagoi,Geometridae_sp_brown_naked_larva,Lasiocampa_trifolii_larva,Lepidoptera_sp_green_naked_larva,Otala_lactea,Tessellana_tessellata,Theba_pisana",76,"ANAR_Theba_pisana,BEMA_Cochlicella_barbara,BEMA_Conocephalus_dorsalis,BEMA_Tessellana_tessellata,BEMA_Theba_pisana,CETE_Agapanthia_annularis,CETE_Cochlicella_barbara,CETE_Geometridae_sp_brown_naked_larva,CETE_Lasiocampa_trifolii_larva,CETE_Lepidoptera_sp_green_naked_larva,CETE_Tessellana_tessellata,CETE_Theba_pisana,CHFU_Cochlicella_barbara,CHFU_Lepidoptera_sp_green_naked_larva,CHFU_Theba_pisana,CHMI_Cochlicella_barbara,CHMI_Theba_pisana,HOMA_Aelia_spp,HOMA_Agapanthia_annularis,HOMA_Aphis_fabae,HOMA_Calamobius_filum,HOMA_Cochlicella_barbara,HOMA_Dociostaurus_jagoi,HOMA_Geometridae_sp_brown_naked_larva,HOMA_Lasiocampa_trifolii_larva,HOMA_Lepidoptera_sp_green_naked_larva,HOMA_Otala_lactea,HOMA_Tessellana_tessellata,HOMA_Theba_pisana,MEEL_Cochlicella_barbara,MEEL_Tessellana_tessellata,MEEL_Theba_pisana,MEPO_Cochlicella_barbara,MEPO_Theba_pisana,MESU_Agapanthia_annularis,MESU_Cochlicella_barbara,MESU_Lasiocampa_trifolii_larva,MESU_Tessellana_tessellata,MESU_Theba_pisana,PAIN_Agapanthia_annularis,PAIN_Cochlicella_barbara,PAIN_Lepidoptera_sp_green_naked_larva,PAIN_Tessellana_tessellata,PAIN_Theba_pisana,PLCO_Cochlicella_barbara,PLCO_Lepidoptera_sp_green_naked_larva,PLCO_Tessellana_tessellata,PLCO_Theba_pisana,POMA_Cochlicella_barbara,POMA_Lepidoptera_sp_green_naked_larva,POMA_Tessellana_tessellata,POMA_Theba_pisana,POMO_Cochlicella_barbara,POMO_Theba_pisana,SASO_Cochlicella_barbara,SASO_Theba_pisana,SCLA_Cochlicella_barbara,SCLA_Lepidoptera_sp_green_naked_larva,SCLA_Theba_pisana,SOAS_Cochlicella_barbara,SOAS_Tessellana_tessellata,SOAS_Theba_pisana,SPRU_Cochlicella_barbara,SPRU_Tessellana_tessellata,SPRU_Theba_pisana,focal_neighbour_Aelia_spp,focal_neighbour_Agapanthia_annularis,focal_neighbour_Calamobius_filum,focal_neighbour_Cochlicella_barbara,focal_neighbour_Conocephalus_dorsalis,focal_neighbour_Dociostaurus_jagoi,focal_neighbour_Geometridae_sp_brown_naked_larva,focal_neighbour_Lasiocampa_trifolii_larva,focal_neighbour_Lepidoptera_sp_green_naked_larva,focal_neighbour_Tessellana_tessellata,focal_neighbour_Theba_pisana",27,"Andrena_spp,Apidae,Apis_mellifera,Bibionidae,Bombyliidae,Calliphoridae,Colias_croceus,Dilophus_spp,Diptera,Episyrphus_balteatus,Eristalinus_taeniops,Eristalis_similis,Eucera_spp,Eupeodes_corollae,Halictidae,Hymenoptera,Lasioglossum_immunitum,Lepidoptera,Lomatia_spp,Malachius_bipustulatus,Musca_spp,Oedemeridae,Osmia_spp,Psilothrix_viridicoerulea,Sphaerophoria_scripta,Syrphidae,Ulidiidae_sp_wings_with_pattern",184,"ANAR_Diptera,ANAR_Hymenoptera,ANAR_Psilothrix_viridicoerulea,BEMA_Andrena_spp,BEMA_Bombyliidae,BEMA_Diptera,BEMA_Episyrphus_balteatus,BEMA_Eristalis_similis,BEMA_Eucera_spp,BEMA_Eupeodes_corollae,BEMA_Hymenoptera,BEMA_Lasioglossum_immunitum,BEMA_Oedemeridae,BEMA_Osmia_spp,BEMA_Psilothrix_viridicoerulea,BEMA_Sphaerophoria_scripta,BEMA_Syrphidae,CETE_Andrena_spp,CETE_Apidae,CETE_Bibionidae,CETE_Bombyliidae,CETE_Calliphoridae,CETE_Diptera,CETE_Eristalinus_taeniops,CETE_Eristalis_similis,CETE_Eupeodes_corollae,CETE_Hymenoptera,CETE_Lasioglossum_immunitum,CETE_Lepidoptera,CETE_Musca_spp,CETE_Oedemeridae,CETE_Psilothrix_viridicoerulea,CETE_Sphaerophoria_scripta,CETE_Syrphidae,CETE_Ulidiidae_sp_wings_with_pattern,CHFU_Bibionidae,CHFU_Diptera,CHFU_Eristalinus_taeniops,CHFU_Eristalis_similis,CHFU_Eupeodes_corollae,CHFU_Hymenoptera,CHFU_Musca_spp,CHFU_Oedemeridae,CHFU_Psilothrix_viridicoerulea,CHFU_Sphaerophoria_scripta,CHFU_Syrphidae,CHFU_Ulidiidae_sp_wings_with_pattern,CHMI_Hymenoptera,CHMI_Psilothrix_viridicoerulea,CHMI_Syrphidae,HOMA_Andrena_spp,HOMA_Apis_mellifera,HOMA_Bombyliidae,HOMA_Colias_croceus,HOMA_Diptera,HOMA_Episyrphus_balteatus,HOMA_Eristalis_similis,HOMA_Eucera_spp,HOMA_Eupeodes_corollae,HOMA_Halictidae,HOMA_Hymenoptera,HOMA_Lasioglossum_immunitum,HOMA_Malachius_bipustulatus,HOMA_Musca_spp,HOMA_Oedemeridae,HOMA_Osmia_spp,HOMA_Psilothrix_viridicoerulea,HOMA_Sphaerophoria_scripta,HOMA_Syrphidae,MEEL_Diptera,MEEL_Eupeodes_corollae,MEEL_Hymenoptera,MEEL_Syrphidae,MEPO_Psilothrix_viridicoerulea,MEPO_Sphaerophoria_scripta,MESU_Andrena_spp,MESU_Apidae,MESU_Bombyliidae,MESU_Calliphoridae,MESU_Dilophus_spp,MESU_Diptera,MESU_Eristalinus_taeniops,MESU_Eristalis_similis,MESU_Eupeodes_corollae,MESU_Hymenoptera,MESU_Lepidoptera,MESU_Lomatia_spp,MESU_Musca_spp,MESU_Oedemeridae,MESU_Osmia_spp,MESU_Psilothrix_viridicoerulea,MESU_Sphaerophoria_scripta,MESU_Syrphidae,PAIN_Andrena_spp,PAIN_Apidae,PAIN_Bombyliidae,PAIN_Diptera,PAIN_Eristalinus_taeniops,PAIN_Eristalis_similis,PAIN_Eupeodes_corollae,PAIN_Hymenoptera,PAIN_Lasioglossum_immunitum,PAIN_Oedemeridae,PAIN_Psilothrix_viridicoerulea,PAIN_Sphaerophoria_scripta,PAIN_Syrphidae,PLCO_Diptera,PLCO_Episyrphus_balteatus,PLCO_Eristalis_similis,PLCO_Hymenoptera,PLCO_Lomatia_spp,PLCO_Musca_spp,PLCO_Oedemeridae,PLCO_Psilothrix_viridicoerulea,PLCO_Sphaerophoria_scripta,PLCO_Syrphidae,POMA_Diptera,POMA_Eristalis_similis,POMA_Lomatia_spp,POMA_Psilothrix_viridicoerulea,POMA_Sphaerophoria_scripta,POMA_Syrphidae,POMO_Psilothrix_viridicoerulea,POMO_Sphaerophoria_scripta,SASO_Bombyliidae,SASO_Diptera,SASO_Eupeodes_corollae,SASO_Psilothrix_viridicoerulea,SASO_Sphaerophoria_scripta,SASO_Syrphidae,SASO_Ulidiidae_sp_wings_with_pattern,SCLA_Apidae,SCLA_Dilophus_spp,SCLA_Diptera,SCLA_Eristalinus_taeniops,SCLA_Hymenoptera,SCLA_Lasioglossum_immunitum,SCLA_Lepidoptera,SCLA_Psilothrix_viridicoerulea,SCLA_Sphaerophoria_scripta,SCLA_Syrphidae,SOAS_Andrena_spp,SOAS_Bibionidae,SOAS_Bombyliidae,SOAS_Diptera,SOAS_Episyrphus_balteatus,SOAS_Eristalis_similis,SOAS_Eucera_spp,SOAS_Eupeodes_corollae,SOAS_Hymenoptera,SOAS_Lepidoptera,SOAS_Musca_spp,SOAS_Osmia_spp,SOAS_Psilothrix_viridicoerulea,SOAS_Sphaerophoria_scripta,SOAS_Syrphidae,SOAS_Ulidiidae_sp_wings_with_pattern,SPRU_Diptera,SPRU_Hymenoptera,SPRU_Psilothrix_viridicoerulea,SPRU_Sphaerophoria_scripta,SPRU_Syrphidae,focal_neighbour_Andrena_spp,focal_neighbour_Apidae,focal_neighbour_Bibionidae,focal_neighbour_Bombyliidae,focal_neighbour_Calliphoridae,focal_neighbour_Dilophus_spp,focal_neighbour_Diptera,focal_neighbour_Eristalinus_taeniops,focal_neighbour_Eristalis_similis,focal_neighbour_Eupeodes_corollae,focal_neighbour_Hymenoptera,focal_neighbour_Lasioglossum_immunitum,focal_neighbour_Lepidoptera,focal_neighbour_Lomatia_spp,focal_neighbour_Malachius_bipustulatus,focal_neighbour_Musca_spp,focal_neighbour_Oedemeridae,focal_neighbour_Osmia_spp,focal_neighbour_Psilothrix_viridicoerulea,focal_neighbour_Sphaerophoria_scripta,focal_neighbour_Syrphidae,focal_neighbour_Ulidiidae_sp_wings_with_pattern",1,"MEEL",0,0,0,0,0,"species",NA,NA,NA,NA,NA
"12",12,"CHFU",2019,"code.plant",13,"BEMA,CETE,HOMA,LEMA,MEEL,MEPO,PLCO,POMA,RAPE,SCLA,SOAS,SPRU,SUSP",91,"BEMA_CETE,BEMA_focal_neighbour,BEMA_HOMA,BEMA_LEMA,BEMA_MEEL,BEMA_MEPO,BEMA_PLCO,BEMA_POMA,BEMA_RAPE,BEMA_SCLA,BEMA_SOAS,BEMA_SPRU,BEMA_SUSP,CETE_focal_neighbour,CETE_HOMA,CETE_LEMA,CETE_MEEL,CETE_MEPO,CETE_PLCO,CETE_POMA,CETE_RAPE,CETE_SCLA,CETE_SOAS,CETE_SPRU,CETE_SUSP,focal_neighbour_HOMA,focal_neighbour_LEMA,focal_neighbour_MEEL,focal_neighbour_MEPO,focal_neighbour_PLCO,focal_neighbour_POMA,focal_neighbour_RAPE,focal_neighbour_SCLA,focal_neighbour_SOAS,focal_neighbour_SPRU,focal_neighbour_SUSP,HOMA_LEMA,HOMA_MEEL,HOMA_MEPO,HOMA_PLCO,HOMA_POMA,HOMA_RAPE,HOMA_SCLA,HOMA_SOAS,HOMA_SPRU,HOMA_SUSP,LEMA_MEEL,LEMA_MEPO,LEMA_PLCO,LEMA_POMA,LEMA_RAPE,LEMA_SCLA,LEMA_SOAS,LEMA_SPRU,LEMA_SUSP,MEEL_MEPO,MEEL_PLCO,MEEL_POMA,MEEL_RAPE,MEEL_SCLA,MEEL_SOAS,MEEL_SPRU,MEEL_SUSP,MEPO_PLCO,MEPO_POMA,MEPO_RAPE,MEPO_SCLA,MEPO_SOAS,MEPO_SPRU,MEPO_SUSP,PLCO_POMA,PLCO_RAPE,PLCO_SCLA,PLCO_SOAS,PLCO_SPRU,PLCO_SUSP,POMA_RAPE,POMA_SCLA,POMA_SOAS,POMA_SPRU,POMA_SUSP,RAPE_SCLA,RAPE_SOAS,RAPE_SPRU,RAPE_SUSP,SCLA_SOAS,SCLA_SPRU,SCLA_SUSP,SOAS_SPRU,SOAS_SUSP,SPRU_SUSP",8,"Cochlicella_barbara,Colias_crocea_larva,Conocephalus_dorsalis,Gastropoda,Lasiocampa_trifolii_larva,Miridae,Pentatomidae,Theba_pisana",19,"HOMA_Cochlicella_barbara,HOMA_Colias_crocea_larva,HOMA_Lasiocampa_trifolii_larva,HOMA_Miridae,LEMA_Cochlicella_barbara,LEMA_Colias_crocea_larva,LEMA_Lasiocampa_trifolii_larva,LEMA_Miridae,PLCO_Lasiocampa_trifolii_larva,RAPE_Miridae,RAPE_Pentatomidae,RAPE_Theba_pisana,focal_neighbour_Cochlicella_barbara,focal_neighbour_Colias_crocea_larva,focal_neighbour_Conocephalus_dorsalis,focal_neighbour_Gastropoda,focal_neighbour_Lasiocampa_trifolii_larva,focal_neighbour_Miridae,focal_neighbour_Theba_pisana",19,"Andrena_spp,Apidae,Calliphoridae,Dilophus_spp,Diplazon_spp,Diptera,Empididae,Episyrphus_balteatus,Eristalis_similis,Eupeodes_corollae,Hymenoptera,Lomatia_spp,Meligethes_spp,Musca_spp,Odontomyia_spp,Psilothrix_viridicoerulea,Scaeva_spp,Sphaerophoria_scripta,Ulidiidae_sp_wings_with_pattern",78,"CETE_Dilophus_spp,CETE_Diptera,CETE_Eristalis_similis,HOMA_Andrena_spp,HOMA_Apidae,HOMA_Dilophus_spp,HOMA_Diptera,HOMA_Empididae,HOMA_Episyrphus_balteatus,HOMA_Eristalis_similis,HOMA_Eupeodes_corollae,HOMA_Hymenoptera,HOMA_Lomatia_spp,HOMA_Meligethes_spp,HOMA_Psilothrix_viridicoerulea,HOMA_Scaeva_spp,HOMA_Sphaerophoria_scripta,LEMA_Andrena_spp,LEMA_Apidae,LEMA_Dilophus_spp,LEMA_Diptera,LEMA_Empididae,LEMA_Episyrphus_balteatus,LEMA_Eristalis_similis,LEMA_Eupeodes_corollae,LEMA_Lomatia_spp,LEMA_Meligethes_spp,LEMA_Psilothrix_viridicoerulea,LEMA_Scaeva_spp,LEMA_Sphaerophoria_scripta,MEEL_Andrena_spp,MEEL_Apidae,MEEL_Dilophus_spp,MEEL_Diptera,MEEL_Empididae,MEEL_Episyrphus_balteatus,MEEL_Eupeodes_corollae,MEEL_Scaeva_spp,MEEL_Sphaerophoria_scripta,PLCO_Dilophus_spp,PLCO_Diptera,PLCO_Episyrphus_balteatus,PLCO_Lomatia_spp,PLCO_Sphaerophoria_scripta,POMA_Dilophus_spp,POMA_Empididae,RAPE_Andrena_spp,RAPE_Apidae,RAPE_Dilophus_spp,RAPE_Diptera,RAPE_Empididae,RAPE_Odontomyia_spp,SCLA_Dilophus_spp,SOAS_Dilophus_spp,SOAS_Diptera,SOAS_Episyrphus_balteatus,SOAS_Eristalis_similis,SOAS_Scaeva_spp,SPRU_Dilophus_spp,focal_neighbour_Andrena_spp,focal_neighbour_Apidae,focal_neighbour_Calliphoridae,focal_neighbour_Dilophus_spp,focal_neighbour_Diplazon_spp,focal_neighbour_Diptera,focal_neighbour_Empididae,focal_neighbour_Episyrphus_balteatus,focal_neighbour_Eristalis_similis,focal_neighbour_Eupeodes_corollae,focal_neighbour_Hymenoptera,focal_neighbour_Lomatia_spp,focal_neighbour_Meligethes_spp,focal_neighbour_Musca_spp,focal_neighbour_Odontomyia_spp,focal_neighbour_Psilothrix_viridicoerulea,focal_neighbour_Scaeva_spp,focal_neighbour_Sphaerophoria_scripta,focal_neighbour_Ulidiidae_sp_wings_with_pattern",1,"LEMA",0,0,0,0,0,"species",NA,NA,NA,NA,NA
"13",13,"CHFU",2020,"class",2,"Forb,Grass",3,"Forb_Grass,Forb_CHFU,Grass_CHFU",4,"beetle,grasshopper,snail,trip",10,"Forb_beetle,Forb_grasshopper,Forb_snail,Forb_trip,Grass_beetle,Grass_snail,CHFU_beetle,CHFU_grasshopper,CHFU_snail,CHFU_trip",2,"bee,fly",6,"Forb_bee,Forb_fly,Grass_bee,Grass_fly,CHFU_bee,CHFU_fly",1,"Grass",0,0,0,0,0,"group",NA,NA,NA,NA,NA
"14",14,"CHFU",2020,"family",9,"Amaranthaceae,Asteraceae,Brassicaceae,Caryophyllaceae,Fabaceae,Gentianaceae,Plantaginaceae,Poaceae,Primulacea",45,"Amaranthaceae_Asteraceae,Amaranthaceae_Brassicaceae,Amaranthaceae_Caryophyllaceae,Amaranthaceae_Fabaceae,Amaranthaceae_Gentianaceae,Amaranthaceae_Plantaginaceae,Amaranthaceae_Poaceae,Amaranthaceae_Primulacea,Amaranthaceae_CHFU,Asteraceae_Brassicaceae,Asteraceae_Caryophyllaceae,Asteraceae_Fabaceae,Asteraceae_Gentianaceae,Asteraceae_Plantaginaceae,Asteraceae_Poaceae,Asteraceae_Primulacea,Asteraceae_CHFU,Brassicaceae_Caryophyllaceae,Brassicaceae_Fabaceae,Brassicaceae_Gentianaceae,Brassicaceae_Plantaginaceae,Brassicaceae_Poaceae,Brassicaceae_Primulacea,Brassicaceae_CHFU,Caryophyllaceae_Fabaceae,Caryophyllaceae_Gentianaceae,Caryophyllaceae_Plantaginaceae,Caryophyllaceae_Poaceae,Caryophyllaceae_Primulacea,Caryophyllaceae_CHFU,Fabaceae_Gentianaceae,Fabaceae_Plantaginaceae,Fabaceae_Poaceae,Fabaceae_Primulacea,Fabaceae_CHFU,Gentianaceae_Plantaginaceae,Gentianaceae_Poaceae,Gentianaceae_Primulacea,Gentianaceae_CHFU,Plantaginaceae_Poaceae,Plantaginaceae_Primulacea,Plantaginaceae_CHFU,Poaceae_Primulacea,Poaceae_CHFU,Primulacea_CHFU",6,"Curculionidae,Gryllidae,Helicidae,Lygaeidae,Miridae,Nitidulidae",23,"Amaranthaceae_Curculionidae,Amaranthaceae_Helicidae,Amaranthaceae_Lygaeidae,Amaranthaceae_Miridae,Amaranthaceae_Nitidulidae,Asteraceae_Gryllidae,Asteraceae_Helicidae,Asteraceae_Lygaeidae,Asteraceae_Miridae,Asteraceae_Nitidulidae,Gentianaceae_Gryllidae,Gentianaceae_Helicidae,Gentianaceae_Lygaeidae,Gentianaceae_Miridae,Poaceae_Curculionidae,Poaceae_Helicidae,Poaceae_Lygaeidae,Poaceae_Miridae,Poaceae_Nitidulidae,CHFU_Gryllidae,CHFU_Helicidae,CHFU_Lygaeidae,CHFU_Miridae",9,"Andrenidae,Apidae,Bibionidae,Empididae,Muscidae,Sarcophagidae,Syrphidae,Tachinidae,Ulidiidae",40,"Amaranthaceae_Andrenidae,Amaranthaceae_Apidae,Amaranthaceae_Empididae,Amaranthaceae_Muscidae,Amaranthaceae_Syrphidae,Amaranthaceae_Ulidiidae,Asteraceae_Andrenidae,Asteraceae_Apidae,Asteraceae_Bibionidae,Asteraceae_Empididae,Asteraceae_Muscidae,Asteraceae_Sarcophagidae,Asteraceae_Syrphidae,Asteraceae_Ulidiidae,Caryophyllaceae_Andrenidae,Caryophyllaceae_Muscidae,Caryophyllaceae_Ulidiidae,Fabaceae_Andrenidae,Fabaceae_Syrphidae,Fabaceae_Ulidiidae,Gentianaceae_Andrenidae,Gentianaceae_Apidae,Gentianaceae_Muscidae,Gentianaceae_Ulidiidae,Plantaginaceae_Andrenidae,Plantaginaceae_Muscidae,Plantaginaceae_Syrphidae,Plantaginaceae_Ulidiidae,Poaceae_Andrenidae,Poaceae_Bibionidae,Poaceae_Muscidae,Poaceae_Sarcophagidae,Poaceae_Syrphidae,Poaceae_Ulidiidae,CHFU_Andrenidae,CHFU_Bibionidae,CHFU_Muscidae,CHFU_Sarcophagidae,CHFU_Syrphidae,CHFU_Ulidiidae",3,"Asteraceae,Fabaceae,Poaceae",0,0,0,0,0,"family",NA,NA,NA,NA,NA
"15",15,"CHFU",2020,"code.plant",19,"ANAR,BEMA,CETE,CHMI,COSQ,HOMA,LEMA,MEPO,MESU,PAIN,PLCO,POMA,POMO,PUPA,SASO,SCLA,SOAS,SPRU,SUSP",190,"ANAR_BEMA,ANAR_CETE,ANAR_focal_neighbour,ANAR_CHMI,ANAR_COSQ,ANAR_HOMA,ANAR_LEMA,ANAR_MEPO,ANAR_MESU,ANAR_PAIN,ANAR_PLCO,ANAR_POMA,ANAR_POMO,ANAR_PUPA,ANAR_SASO,ANAR_SCLA,ANAR_SOAS,ANAR_SPRU,ANAR_SUSP,BEMA_CETE,BEMA_focal_neighbour,BEMA_CHMI,BEMA_COSQ,BEMA_HOMA,BEMA_LEMA,BEMA_MEPO,BEMA_MESU,BEMA_PAIN,BEMA_PLCO,BEMA_POMA,BEMA_POMO,BEMA_PUPA,BEMA_SASO,BEMA_SCLA,BEMA_SOAS,BEMA_SPRU,BEMA_SUSP,CETE_focal_neighbour,CETE_CHMI,CETE_COSQ,CETE_HOMA,CETE_LEMA,CETE_MEPO,CETE_MESU,CETE_PAIN,CETE_PLCO,CETE_POMA,CETE_POMO,CETE_PUPA,CETE_SASO,CETE_SCLA,CETE_SOAS,CETE_SPRU,CETE_SUSP,focal_neighbour_CHMI,focal_neighbour_COSQ,focal_neighbour_HOMA,focal_neighbour_LEMA,focal_neighbour_MEPO,focal_neighbour_MESU,focal_neighbour_PAIN,focal_neighbour_PLCO,focal_neighbour_POMA,focal_neighbour_POMO,focal_neighbour_PUPA,focal_neighbour_SASO,focal_neighbour_SCLA,focal_neighbour_SOAS,focal_neighbour_SPRU,focal_neighbour_SUSP,CHMI_COSQ,CHMI_HOMA,CHMI_LEMA,CHMI_MEPO,CHMI_MESU,CHMI_PAIN,CHMI_PLCO,CHMI_POMA,CHMI_POMO,CHMI_PUPA,CHMI_SASO,CHMI_SCLA,CHMI_SOAS,CHMI_SPRU,CHMI_SUSP,COSQ_HOMA,COSQ_LEMA,COSQ_MEPO,COSQ_MESU,COSQ_PAIN,COSQ_PLCO,COSQ_POMA,COSQ_POMO,COSQ_PUPA,COSQ_SASO,COSQ_SCLA,COSQ_SOAS,COSQ_SPRU,COSQ_SUSP,HOMA_LEMA,HOMA_MEPO,HOMA_MESU,HOMA_PAIN,HOMA_PLCO,HOMA_POMA,HOMA_POMO,HOMA_PUPA,HOMA_SASO,HOMA_SCLA,HOMA_SOAS,HOMA_SPRU,HOMA_SUSP,LEMA_MEPO,LEMA_MESU,LEMA_PAIN,LEMA_PLCO,LEMA_POMA,LEMA_POMO,LEMA_PUPA,LEMA_SASO,LEMA_SCLA,LEMA_SOAS,LEMA_SPRU,LEMA_SUSP,MEPO_MESU,MEPO_PAIN,MEPO_PLCO,MEPO_POMA,MEPO_POMO,MEPO_PUPA,MEPO_SASO,MEPO_SCLA,MEPO_SOAS,MEPO_SPRU,MEPO_SUSP,MESU_PAIN,MESU_PLCO,MESU_POMA,MESU_POMO,MESU_PUPA,MESU_SASO,MESU_SCLA,MESU_SOAS,MESU_SPRU,MESU_SUSP,PAIN_PLCO,PAIN_POMA,PAIN_POMO,PAIN_PUPA,PAIN_SASO,PAIN_SCLA,PAIN_SOAS,PAIN_SPRU,PAIN_SUSP,PLCO_POMA,PLCO_POMO,PLCO_PUPA,PLCO_SASO,PLCO_SCLA,PLCO_SOAS,PLCO_SPRU,PLCO_SUSP,POMA_POMO,POMA_PUPA,POMA_SASO,POMA_SCLA,POMA_SOAS,POMA_SPRU,POMA_SUSP,POMO_PUPA,POMO_SASO,POMO_SCLA,POMO_SOAS,POMO_SPRU,POMO_SUSP,PUPA_SASO,PUPA_SCLA,PUPA_SOAS,PUPA_SPRU,PUPA_SUSP,SASO_SCLA,SASO_SOAS,SASO_SPRU,SASO_SUSP,SCLA_SOAS,SCLA_SPRU,SCLA_SUSP,SOAS_SPRU,SOAS_SUSP,SPRU_SUSP",8,"Brassicogethes_spp,Curculionidae,Gryllus_bimaculatus,Lygaeidae,Miridae,Oxycarenus_hyalinipennis,Theba_pisana,Thysanoptera",37,"BEMA_Curculionidae,BEMA_Lygaeidae,BEMA_Miridae,BEMA_Oxycarenus_hyalinipennis,BEMA_Theba_pisana,BEMA_Thysanoptera,CETE_Gryllus_bimaculatus,CETE_Lygaeidae,CETE_Miridae,CETE_Oxycarenus_hyalinipennis,CETE_Theba_pisana,CETE_Thysanoptera,HOMA_Curculionidae,HOMA_Theba_pisana,LEMA_Brassicogethes_spp,LEMA_Gryllus_bimaculatus,LEMA_Lygaeidae,LEMA_Miridae,LEMA_Thysanoptera,PAIN_Brassicogethes_spp,POMA_Miridae,POMA_Oxycarenus_hyalinipennis,POMA_Theba_pisana,PUPA_Thysanoptera,SASO_Brassicogethes_spp,SASO_Thysanoptera,SCLA_Thysanoptera,SOAS_Miridae,SOAS_Oxycarenus_hyalinipennis,SOAS_Theba_pisana,SOAS_Thysanoptera,focal_neighbour_Gryllus_bimaculatus,focal_neighbour_Lygaeidae,focal_neighbour_Miridae,focal_neighbour_Oxycarenus_hyalinipennis,focal_neighbour_Theba_pisana,focal_neighbour_Thysanoptera",15,"Andrena_argentata,Andrena_humilis,Andrena_spp,Cylindromyia_sp_red_color,Dilophus_spp,Diptera,Empis_spp,Eristalis_similis,Eucera_spp,Eupeodes_corollae,Musca_spp,Psilothrix_viridicoerulea,Sarcophaga_spp,Syrphidae,Ulidiidae_sp_wings_with_pattern",95,"ANAR_Psilothrix_viridicoerulea,BEMA_Andrena_argentata,BEMA_Andrena_spp,BEMA_Diptera,BEMA_Empis_spp,BEMA_Eucera_spp,BEMA_Musca_spp,BEMA_Psilothrix_viridicoerulea,BEMA_Syrphidae,BEMA_Ulidiidae_sp_wings_with_pattern,CETE_Andrena_argentata,CETE_Andrena_spp,CETE_Diptera,CETE_Eucera_spp,CETE_Musca_spp,CETE_Psilothrix_viridicoerulea,CETE_Ulidiidae_sp_wings_with_pattern,CHMI_Ulidiidae_sp_wings_with_pattern,HOMA_Dilophus_spp,HOMA_Diptera,HOMA_Musca_spp,HOMA_Psilothrix_viridicoerulea,HOMA_Ulidiidae_sp_wings_with_pattern,LEMA_Andrena_spp,LEMA_Dilophus_spp,LEMA_Diptera,LEMA_Empis_spp,LEMA_Eucera_spp,LEMA_Eupeodes_corollae,LEMA_Musca_spp,LEMA_Psilothrix_viridicoerulea,LEMA_Sarcophaga_spp,LEMA_Syrphidae,LEMA_Ulidiidae_sp_wings_with_pattern,MESU_Andrena_spp,MESU_Diptera,MESU_Syrphidae,MESU_Ulidiidae_sp_wings_with_pattern,PAIN_Andrena_argentata,PAIN_Andrena_spp,PAIN_Musca_spp,PAIN_Psilothrix_viridicoerulea,PAIN_Syrphidae,PAIN_Ulidiidae_sp_wings_with_pattern,PLCO_Andrena_spp,PLCO_Diptera,PLCO_Eupeodes_corollae,PLCO_Musca_spp,PLCO_Psilothrix_viridicoerulea,PLCO_Syrphidae,PLCO_Ulidiidae_sp_wings_with_pattern,POMA_Andrena_argentata,POMA_Andrena_spp,POMA_Dilophus_spp,POMA_Diptera,POMA_Musca_spp,POMA_Psilothrix_viridicoerulea,POMA_Sarcophaga_spp,POMA_Ulidiidae_sp_wings_with_pattern,POMO_Diptera,POMO_Ulidiidae_sp_wings_with_pattern,PUPA_Diptera,PUPA_Eupeodes_corollae,PUPA_Musca_spp,PUPA_Psilothrix_viridicoerulea,PUPA_Ulidiidae_sp_wings_with_pattern,SASO_Andrena_spp,SASO_Diptera,SASO_Musca_spp,SASO_Ulidiidae_sp_wings_with_pattern,SCLA_Musca_spp,SCLA_Psilothrix_viridicoerulea,SCLA_Sarcophaga_spp,SCLA_Ulidiidae_sp_wings_with_pattern,SOAS_Andrena_argentata,SOAS_Andrena_spp,SOAS_Diptera,SOAS_Musca_spp,SOAS_Psilothrix_viridicoerulea,SOAS_Ulidiidae_sp_wings_with_pattern,SPRU_Andrena_spp,SPRU_Diptera,SPRU_Musca_spp,SPRU_Psilothrix_viridicoerulea,SPRU_Ulidiidae_sp_wings_with_pattern,SUSP_Andrena_spp,focal_neighbour_Andrena_argentata,focal_neighbour_Andrena_spp,focal_neighbour_Dilophus_spp,focal_neighbour_Diptera,focal_neighbour_Musca_spp,focal_neighbour_Psilothrix_viridicoerulea,focal_neighbour_Sarcophaga_spp,focal_neighbour_Syrphidae,focal_neighbour_Ulidiidae_sp_wings_with_pattern",1,"LEMA",0,0,0,0,0,"species",NA,NA,NA,NA,NA
