line,focal,year,level of complexity,number of plant neighbours,name of plant neighbours,number of plant HOIs,names of  plant HOIs ,number of herbivore interactors,names of herbivore interactors,number of herbivore HOIs,names of herbivore HOIs,number of pollinator interactors ,names of pollinator interactors ,number of pollinator HOIs,names of pollinator HOIs ,number of plant neighbours selected,names of plant neighbours selected,number of pollinators selected,number of herbivores selected,number of plant HOIs selected,number of herbivore HOIs selected,number of pollinator HOIs selected,names of herbivores selected,names of pollinators selected,names of plant HOIs selected,names of herbivore HOIs selected,names of pollinator HOIs selected
1,LEMA,2019,group,2,"Forb,Grass",3,"Forb-Grass,Forb-LEMA,Grass-LEMA",4,"beetle,caterpillar,grasshopper,snail",12,"Forb-beetle,Forb-caterpillar,Forb-grasshopper,Forb-snail,Grass-beetle,Grass-caterpillar,Grass-grasshopper,Grass-snail,LEMA-beetle,LEMA-caterpillar,LEMA-grasshopper,LEMA-snail",2,"bee,fly",6,"Forb-bee,Forb-fly,Grass-bee,Grass-fly,LEMA-bee,LEMA-fly",1,Grass,0,0,0,0,0,NA,NA,NA,NA,NA
2,LEMA,2019,family,8,"Amaranthaceae,Asteraceae,Caryophyllaceae,Fabaceae,Gentianaceae,Plantaginaceae,Poaceae,Ranunculuc",36,"Amaranthaceae-Asteraceae,Amaranthaceae-Caryophyllaceae,Amaranthaceae-Fabaceae,Amaranthaceae-Gentianaceae,Amaranthaceae-Plantaginaceae,Amaranthaceae-Poaceae,Amaranthaceae-Ranunculuc,Amaranthaceae-LEMA,Asteraceae-Caryophyllaceae,Asteraceae-Fabaceae,Asteraceae-Gentianaceae,Asteraceae-Plantaginaceae,Asteraceae-Poaceae,Asteraceae-Ranunculuc,Asteraceae-LEMA,Caryophyllaceae-Fabaceae,Caryophyllaceae-Gentianaceae,Caryophyllaceae-Plantaginaceae,Caryophyllaceae-Poaceae,Caryophyllaceae-Ranunculuc,Caryophyllaceae-LEMA,Fabaceae-Gentianaceae,Fabaceae-Plantaginaceae,Fabaceae-Poaceae,Fabaceae-Ranunculuc,Fabaceae-LEMA,Gentianaceae-Plantaginaceae,Gentianaceae-Poaceae,Gentianaceae-Ranunculuc,Gentianaceae-LEMA,Plantaginaceae-Poaceae,Plantaginaceae-Ranunculuc,Plantaginaceae-LEMA,Poaceae-Ranunculuc,Poaceae-LEMA,Ranunculuc-LEMA",8,"Aphididae,Chrysomelidae,Coccinellidae,Geomitridae,Gryllidae,Helicidae,Nitidulidae,Tettigoniidae",47,"Amaranthaceae-Coccinellidae,Amaranthaceae-Geomitridae,Amaranthaceae-Gryllidae,Amaranthaceae-Helicidae,Amaranthaceae-Nitidulidae,Asteraceae-Aphididae,Asteraceae-Coccinellidae,Asteraceae-Geomitridae,Asteraceae-Helicidae,Asteraceae-Nitidulidae,Caryophyllaceae-Coccinellidae,Caryophyllaceae-Helicidae,Caryophyllaceae-Nitidulidae,Fabaceae-Aphididae,Fabaceae-Chrysomelidae,Fabaceae-Coccinellidae,Fabaceae-Geomitridae,Fabaceae-Gryllidae,Fabaceae-Helicidae,Fabaceae-Nitidulidae,Gentianaceae-Coccinellidae,Gentianaceae-Geomitridae,Gentianaceae-Helicidae,Gentianaceae-Nitidulidae,Plantaginaceae-Coccinellidae,Plantaginaceae-Geomitridae,Plantaginaceae-Helicidae,Plantaginaceae-Nitidulidae,Poaceae-Aphididae,Poaceae-Chrysomelidae,Poaceae-Coccinellidae,Poaceae-Geomitridae,Poaceae-Gryllidae,Poaceae-Helicidae,Poaceae-Nitidulidae,Poaceae-Tettigoniidae,Ranunculuc-Coccinellidae,Ranunculuc-Geomitridae,Ranunculuc-Helicidae,Ranunculuc-Nitidulidae,LEMA-Aphididae,LEMA-Chrysomelidae,LEMA-Coccinellidae,LEMA-Geomitridae,LEMA-Helicidae,LEMA-Nitidulidae,LEMA-Tettigoniidae",8,"Andrenidae,Apidae,Bibionidae,Muscidae,Oedemeridae,Stratiomyidae,Syrphidae,Tabanidae",53,"Amaranthaceae-Andrenidae,Amaranthaceae-Apidae,Amaranthaceae-Bibionidae,Amaranthaceae-Oedemeridae,Amaranthaceae-Stratiomyidae,Amaranthaceae-Syrphidae,Asteraceae-Andrenidae,Asteraceae-Apidae,Asteraceae-Bibionidae,Asteraceae-Oedemeridae,Asteraceae-Stratiomyidae,Asteraceae-Syrphidae,Caryophyllaceae-Bibionidae,Caryophyllaceae-Syrphidae,Fabaceae-Andrenidae,Fabaceae-Apidae,Fabaceae-Bibionidae,Fabaceae-Oedemeridae,Fabaceae-Stratiomyidae,Fabaceae-Syrphidae,Gentianaceae-Andrenidae,Gentianaceae-Apidae,Gentianaceae-Bibionidae,Gentianaceae-Oedemeridae,Gentianaceae-Stratiomyidae,Gentianaceae-Syrphidae,Plantaginaceae-Apidae,Plantaginaceae-Bibionidae,Plantaginaceae-Oedemeridae,Plantaginaceae-Stratiomyidae,Plantaginaceae-Syrphidae,Poaceae-Andrenidae,Poaceae-Apidae,Poaceae-Bibionidae,Poaceae-Muscidae,Poaceae-Oedemeridae,Poaceae-Stratiomyidae,Poaceae-Syrphidae,Poaceae-Tabanidae,Ranunculuc-Andrenidae,Ranunculuc-Apidae,Ranunculuc-Bibionidae,Ranunculuc-Oedemeridae,Ranunculuc-Stratiomyidae,Ranunculuc-Syrphidae,LEMA-Andrenidae,LEMA-Apidae,LEMA-Bibionidae,LEMA-Muscidae,LEMA-Oedemeridae,LEMA-Stratiomyidae,LEMA-Syrphidae,LEMA-Tabanidae",1,Poaceae,0,0,0,0,0,NA,NA,NA,NA,NA
3,LEMA,2019,species,16,"BEMA,CETE,CHFU,CHMI,HOMA,MEEL,MEPO,MESU,PLCO,POMA,POMO,RAPE,SASO,SCLA,SOAS,SPRU",136,"BEMA-CETE,BEMA-CHFU,BEMA-CHMI,BEMA-HOMA,BEMA-focal-neighbour,BEMA-MEEL,BEMA-MEPO,BEMA-MESU,BEMA-PLCO,BEMA-POMA,BEMA-POMO,BEMA-RAPE,BEMA-SASO,BEMA-SCLA,BEMA-SOAS,BEMA-SPRU,CETE-CHFU,CETE-CHMI,CETE-HOMA,CETE-focal-neighbour,CETE-MEEL,CETE-MEPO,CETE-MESU,CETE-PLCO,CETE-POMA,CETE-POMO,CETE-RAPE,CETE-SASO,CETE-SCLA,CETE-SOAS,CETE-SPRU,CHFU-CHMI,CHFU-HOMA,CHFU-focal-neighbour,CHFU-MEEL,CHFU-MEPO,CHFU-MESU,CHFU-PLCO,CHFU-POMA,CHFU-POMO,CHFU-RAPE,CHFU-SASO,CHFU-SCLA,CHFU-SOAS,CHFU-SPRU,CHMI-HOMA,CHMI-focal-neighbour,CHMI-MEEL,CHMI-MEPO,CHMI-MESU,CHMI-PLCO,CHMI-POMA,CHMI-POMO,CHMI-RAPE,CHMI-SASO,CHMI-SCLA,CHMI-SOAS,CHMI-SPRU,HOMA-focal-neighbour,HOMA-MEEL,HOMA-MEPO,HOMA-MESU,HOMA-PLCO,HOMA-POMA,HOMA-POMO,HOMA-RAPE,HOMA-SASO,HOMA-SCLA,HOMA-SOAS,HOMA-SPRU,focal-neighbour-MEEL,focal-neighbour-MEPO,focal-neighbour-MESU,focal-neighbour-PLCO,focal-neighbour-POMA,focal-neighbour-POMO,focal-neighbour-RAPE,focal-neighbour-SASO,focal-neighbour-SCLA,focal-neighbour-SOAS,focal-neighbour-SPRU,MEEL-MEPO,MEEL-MESU,MEEL-PLCO,MEEL-POMA,MEEL-POMO,MEEL-RAPE,MEEL-SASO,MEEL-SCLA,MEEL-SOAS,MEEL-SPRU,MEPO-MESU,MEPO-PLCO,MEPO-POMA,MEPO-POMO,MEPO-RAPE,MEPO-SASO,MEPO-SCLA,MEPO-SOAS,MEPO-SPRU,MESU-PLCO,MESU-POMA,MESU-POMO,MESU-RAPE,MESU-SASO,MESU-SCLA,MESU-SOAS,MESU-SPRU,PLCO-POMA,PLCO-POMO,PLCO-RAPE,PLCO-SASO,PLCO-SCLA,PLCO-SOAS,PLCO-SPRU,POMA-POMO,POMA-RAPE,POMA-SASO,POMA-SCLA,POMA-SOAS,POMA-SPRU,POMO-RAPE,POMO-SASO,POMO-SCLA,POMO-SOAS,POMO-SPRU,RAPE-SASO,RAPE-SCLA,RAPE-SOAS,RAPE-SPRU,SASO-SCLA,SASO-SOAS,SASO-SPRU,SCLA-SOAS,SCLA-SPRU,SOAS-SPRU",12,"Aphis-fabae,Brassicogethes-spp,Cochlicella-barbara,Cryptocephalus-spp,Gastropoda,Gryllus-bimaculatus,Lasiocampa-trifolii-larva,Lepidoptera-larva,Orthoptera,Tessellana-tessellata,Theba-pisana,Vanessa-cardui-larva",78,"BEMA-Brassicogethes-spp,BEMA-Cochlicella-barbara,BEMA-Gryllus-bimaculatus,BEMA-Lepidoptera-larva,BEMA-Orthoptera,BEMA-Theba-pisana,CETE-Brassicogethes-spp,CETE-Cochlicella-barbara,CETE-Lepidoptera-larva,CETE-Orthoptera,CETE-Theba-pisana,CHFU-Brassicogethes-spp,CHFU-Cochlicella-barbara,CHFU-Lepidoptera-larva,CHFU-Orthoptera,CHFU-Theba-pisana,CHMI-Aphis-fabae,CHMI-Cochlicella-barbara,HOMA-Aphis-fabae,HOMA-Brassicogethes-spp,HOMA-Cochlicella-barbara,HOMA-Cryptocephalus-spp,HOMA-Gastropoda,HOMA-Lasiocampa-trifolii-larva,HOMA-Lepidoptera-larva,HOMA-Tessellana-tessellata,HOMA-Theba-pisana,HOMA-Vanessa-cardui-larva,MEEL-Lepidoptera-larva,MEPO-Brassicogethes-spp,MEPO-Cochlicella-barbara,MEPO-Lepidoptera-larva,MEPO-Theba-pisana,MESU-Aphis-fabae,MESU-Brassicogethes-spp,MESU-Cochlicella-barbara,MESU-Cryptocephalus-spp,MESU-Gastropoda,MESU-Gryllus-bimaculatus,MESU-Lasiocampa-trifolii-larva,MESU-Lepidoptera-larva,MESU-Theba-pisana,PLCO-Brassicogethes-spp,PLCO-Cochlicella-barbara,PLCO-Orthoptera,PLCO-Theba-pisana,POMA-Aphis-fabae,POMA-Brassicogethes-spp,POMA-Cochlicella-barbara,POMA-Gastropoda,POMA-Gryllus-bimaculatus,POMA-Lasiocampa-trifolii-larva,POMA-Lepidoptera-larva,POMA-Orthoptera,POMA-Theba-pisana,POMO-Cochlicella-barbara,RAPE-Brassicogethes-spp,RAPE-Cochlicella-barbara,RAPE-Lepidoptera-larva,RAPE-Orthoptera,RAPE-Theba-pisana,SASO-Brassicogethes-spp,SASO-Theba-pisana,SCLA-Cochlicella-barbara,SOAS-Brassicogethes-spp,SOAS-Lepidoptera-larva,SPRU-Brassicogethes-spp,SPRU-Lepidoptera-larva,SPRU-Theba-pisana,focal-neighbour-Aphis-fabae,focal-neighbour-Brassicogethes-spp,focal-neighbour-Cochlicella-barbara,focal-neighbour-Cryptocephalus-spp,focal-neighbour-Gastropoda,focal-neighbour-Lasiocampa-trifolii-larva,focal-neighbour-Tessellana-tessellata,focal-neighbour-Theba-pisana,focal-neighbour-Vanessa-cardui-larva",22,"Andrena-spp,Anthaxia-semicuprea,Apidae,Chrysotoxum-spp,Dilophus-spp,Diptera,Episyrphus-balteatus,Eristalis-similis,Eucera-spp,Eupeodes-corollae,Malachius-bipustulatus,Malachius-spp,Melanostoma-spp,Meligethes-spp,Musca-spp,Nemotelus-spp,Odontomyia-spp,Oedemeridae,Pangonidae-spp,Psilothrix-viridicoerulea,Scaeva-spp,Sphaerophoria-scripta",183,"BEMA-Andrena-spp,BEMA-Apidae,BEMA-Dilophus-spp,BEMA-Diptera,BEMA-Eristalis-similis,BEMA-Eupeodes-corollae,BEMA-Malachius-bipustulatus,BEMA-Melanostoma-spp,BEMA-Meligethes-spp,BEMA-Odontomyia-spp,BEMA-Oedemeridae,BEMA-Psilothrix-viridicoerulea,BEMA-Sphaerophoria-scripta,CETE-Andrena-spp,CETE-Apidae,CETE-Dilophus-spp,CETE-Diptera,CETE-Eristalis-similis,CETE-Malachius-bipustulatus,CETE-Melanostoma-spp,CETE-Meligethes-spp,CETE-Odontomyia-spp,CETE-Oedemeridae,CETE-Psilothrix-viridicoerulea,CETE-Sphaerophoria-scripta,CHFU-Andrena-spp,CHFU-Apidae,CHFU-Chrysotoxum-spp,CHFU-Dilophus-spp,CHFU-Diptera,CHFU-Eristalis-similis,CHFU-Eucera-spp,CHFU-Eupeodes-corollae,CHFU-Malachius-bipustulatus,CHFU-Malachius-spp,CHFU-Melanostoma-spp,CHFU-Meligethes-spp,CHFU-Nemotelus-spp,CHFU-Odontomyia-spp,CHFU-Oedemeridae,CHFU-Psilothrix-viridicoerulea,CHFU-Sphaerophoria-scripta,CHMI-Eristalis-similis,CHMI-Psilothrix-viridicoerulea,CHMI-Sphaerophoria-scripta,HOMA-Anthaxia-semicuprea,HOMA-Apidae,HOMA-Chrysotoxum-spp,HOMA-Dilophus-spp,HOMA-Diptera,HOMA-Episyrphus-balteatus,HOMA-Eristalis-similis,HOMA-Eucera-spp,HOMA-Eupeodes-corollae,HOMA-Malachius-bipustulatus,HOMA-Malachius-spp,HOMA-Meligethes-spp,HOMA-Musca-spp,HOMA-Nemotelus-spp,HOMA-Odontomyia-spp,HOMA-Oedemeridae,HOMA-Pangonidae-spp,HOMA-Psilothrix-viridicoerulea,HOMA-Scaeva-spp,HOMA-Sphaerophoria-scripta,MEEL-Chrysotoxum-spp,MEEL-Dilophus-spp,MEEL-Eristalis-similis,MEEL-Eupeodes-corollae,MEEL-Meligethes-spp,MEEL-Psilothrix-viridicoerulea,MEEL-Sphaerophoria-scripta,MEPO-Andrena-spp,MEPO-Apidae,MEPO-Dilophus-spp,MEPO-Diptera,MEPO-Eristalis-similis,MEPO-Malachius-bipustulatus,MEPO-Meligethes-spp,MEPO-Oedemeridae,MEPO-Psilothrix-viridicoerulea,MEPO-Sphaerophoria-scripta,MESU-Apidae,MESU-Dilophus-spp,MESU-Episyrphus-balteatus,MESU-Eristalis-similis,MESU-Eupeodes-corollae,MESU-Malachius-spp,MESU-Meligethes-spp,MESU-Nemotelus-spp,MESU-Odontomyia-spp,MESU-Psilothrix-viridicoerulea,MESU-Scaeva-spp,MESU-Sphaerophoria-scripta,PLCO-Apidae,PLCO-Dilophus-spp,PLCO-Episyrphus-balteatus,PLCO-Eucera-spp,PLCO-Malachius-bipustulatus,PLCO-Malachius-spp,PLCO-Meligethes-spp,PLCO-Nemotelus-spp,PLCO-Odontomyia-spp,PLCO-Oedemeridae,PLCO-Psilothrix-viridicoerulea,PLCO-Sphaerophoria-scripta,POMA-Andrena-spp,POMA-Apidae,POMA-Chrysotoxum-spp,POMA-Dilophus-spp,POMA-Diptera,POMA-Eristalis-similis,POMA-Eucera-spp,POMA-Eupeodes-corollae,POMA-Malachius-bipustulatus,POMA-Malachius-spp,POMA-Melanostoma-spp,POMA-Meligethes-spp,POMA-Nemotelus-spp,POMA-Odontomyia-spp,POMA-Oedemeridae,POMA-Psilothrix-viridicoerulea,POMA-Sphaerophoria-scripta,POMO-Meligethes-spp,POMO-Psilothrix-viridicoerulea,POMO-Sphaerophoria-scripta,RAPE-Andrena-spp,RAPE-Apidae,RAPE-Dilophus-spp,RAPE-Diptera,RAPE-Eristalis-similis,RAPE-Malachius-bipustulatus,RAPE-Melanostoma-spp,RAPE-Meligethes-spp,RAPE-Odontomyia-spp,RAPE-Oedemeridae,RAPE-Psilothrix-viridicoerulea,RAPE-Sphaerophoria-scripta,SASO-Apidae,SASO-Meligethes-spp,SASO-Odontomyia-spp,SASO-Oedemeridae,SASO-Psilothrix-viridicoerulea,SASO-Sphaerophoria-scripta,SOAS-Andrena-spp,SOAS-Dilophus-spp,SOAS-Diptera,SOAS-Eristalis-similis,SOAS-Malachius-spp,SOAS-Melanostoma-spp,SOAS-Meligethes-spp,SOAS-Odontomyia-spp,SOAS-Oedemeridae,SOAS-Psilothrix-viridicoerulea,SOAS-Sphaerophoria-scripta,SPRU-Dilophus-spp,SPRU-Eristalis-similis,SPRU-Eupeodes-corollae,SPRU-Malachius-bipustulatus,SPRU-Malachius-spp,SPRU-Meligethes-spp,SPRU-Psilothrix-viridicoerulea,SPRU-Sphaerophoria-scripta,focal-neighbour-Andrena-spp,focal-neighbour-Apidae,focal-neighbour-Chrysotoxum-spp,focal-neighbour-Dilophus-spp,focal-neighbour-Diptera,focal-neighbour-Episyrphus-balteatus,focal-neighbour-Eristalis-similis,focal-neighbour-Eupeodes-corollae,focal-neighbour-Malachius-bipustulatus,focal-neighbour-Malachius-spp,focal-neighbour-Melanostoma-spp,focal-neighbour-Meligethes-spp,focal-neighbour-Musca-spp,focal-neighbour-Nemotelus-spp,focal-neighbour-Odontomyia-spp,focal-neighbour-Oedemeridae,focal-neighbour-Pangonidae-spp,focal-neighbour-Psilothrix-viridicoerulea,focal-neighbour-Scaeva-spp,focal-neighbour-Sphaerophoria-scripta",0,NA,0,0,0,0,0,NA,NA,NA,NA,NA
4,LEMA,2020,group,2,"Forb,Grass",3,"Forb-Grass,Forb-LEMA,Grass-LEMA",7,"beetle,caterpillar,grasshopper,leafhopper,mite,snail,trip",16,"Forb-beetle,Forb-caterpillar,Forb-grasshopper,Forb-mite,Forb-snail,Forb-trip,Grass-beetle,Grass-caterpillar,Grass-grasshopper,Grass-snail,Grass-trip,LEMA-beetle,LEMA-caterpillar,LEMA-grasshopper,LEMA-mite,LEMA-snail",4,"bee,butterfly,fly,wasp",12,"Forb-bee,Forb-butterfly,Forb-fly,Forb-wasp,Grass-bee,Grass-butterfly,Grass-fly,Grass-wasp,LEMA-bee,LEMA-butterfly,LEMA-fly,LEMA-wasp",1,Grass,0,1,0,0,0,beetle,NA,NA,NA,NA
5,LEMA,2020,family,9,"Amaranthaceae,Asteraceae,Caryophyllaceae,Fabaceae,Gentianaceae,Plantaginaceae,Poaceae,Primulacea,Ranunculuc",45,"Amaranthaceae-Asteraceae,Amaranthaceae-Caryophyllaceae,Amaranthaceae-Fabaceae,Amaranthaceae-Gentianaceae,Amaranthaceae-Plantaginaceae,Amaranthaceae-Poaceae,Amaranthaceae-Primulacea,Amaranthaceae-Ranunculuc,Amaranthaceae-LEMA,Asteraceae-Caryophyllaceae,Asteraceae-Fabaceae,Asteraceae-Gentianaceae,Asteraceae-Plantaginaceae,Asteraceae-Poaceae,Asteraceae-Primulacea,Asteraceae-Ranunculuc,Asteraceae-LEMA,Caryophyllaceae-Fabaceae,Caryophyllaceae-Gentianaceae,Caryophyllaceae-Plantaginaceae,Caryophyllaceae-Poaceae,Caryophyllaceae-Primulacea,Caryophyllaceae-Ranunculuc,Caryophyllaceae-LEMA,Fabaceae-Gentianaceae,Fabaceae-Plantaginaceae,Fabaceae-Poaceae,Fabaceae-Primulacea,Fabaceae-Ranunculuc,Fabaceae-LEMA,Gentianaceae-Plantaginaceae,Gentianaceae-Poaceae,Gentianaceae-Primulacea,Gentianaceae-Ranunculuc,Gentianaceae-LEMA,Plantaginaceae-Poaceae,Plantaginaceae-Primulacea,Plantaginaceae-Ranunculuc,Plantaginaceae-LEMA,Poaceae-Primulacea,Poaceae-Ranunculuc,Poaceae-LEMA,Primulacea-Ranunculuc,Primulacea-LEMA,Ranunculuc-LEMA",12,"Acrididae,Aphididae,Chrysomelidae,Coccinellidae,Curculionidae,Geomitridae,Helicidae,Miridae,Mordellidae,Nitidulidae,Tetranychidae,Tettigoniidae",70,"Amaranthaceae-Chrysomelidae,Amaranthaceae-Curculionidae,Amaranthaceae-Geomitridae,Amaranthaceae-Helicidae,Amaranthaceae-Miridae,Amaranthaceae-Mordellidae,Amaranthaceae-Nitidulidae,Amaranthaceae-Tetranychidae,Amaranthaceae-Tettigoniidae,Asteraceae-Aphididae,Asteraceae-Chrysomelidae,Asteraceae-Curculionidae,Asteraceae-Geomitridae,Asteraceae-Helicidae,Asteraceae-Mordellidae,Asteraceae-Nitidulidae,Asteraceae-Tettigoniidae,Caryophyllaceae-Chrysomelidae,Caryophyllaceae-Curculionidae,Caryophyllaceae-Geomitridae,Caryophyllaceae-Helicidae,Caryophyllaceae-Nitidulidae,Fabaceae-Aphididae,Fabaceae-Chrysomelidae,Fabaceae-Curculionidae,Fabaceae-Geomitridae,Fabaceae-Helicidae,Fabaceae-Nitidulidae,Fabaceae-Tettigoniidae,Gentianaceae-Aphididae,Gentianaceae-Chrysomelidae,Gentianaceae-Coccinellidae,Gentianaceae-Curculionidae,Gentianaceae-Geomitridae,Gentianaceae-Helicidae,Gentianaceae-Miridae,Gentianaceae-Mordellidae,Gentianaceae-Nitidulidae,Gentianaceae-Tetranychidae,Gentianaceae-Tettigoniidae,Plantaginaceae-Chrysomelidae,Plantaginaceae-Geomitridae,Plantaginaceae-Helicidae,Plantaginaceae-Nitidulidae,Plantaginaceae-Tettigoniidae,Poaceae-Acrididae,Poaceae-Chrysomelidae,Poaceae-Coccinellidae,Poaceae-Curculionidae,Poaceae-Geomitridae,Poaceae-Helicidae,Poaceae-Nitidulidae,Poaceae-Tettigoniidae,Primulacea-Geomitridae,Primulacea-Nitidulidae,Ranunculuc-Geomitridae,Ranunculuc-Nitidulidae,Ranunculuc-Tettigoniidae,LEMA-Acrididae,LEMA-Aphididae,LEMA-Chrysomelidae,LEMA-Coccinellidae,LEMA-Curculionidae,LEMA-Geomitridae,LEMA-Helicidae,LEMA-Miridae,LEMA-Mordellidae,LEMA-Nitidulidae,LEMA-Tetranychidae,LEMA-Tettigoniidae",17,"Andrenidae,Bibionidae,Bombyliidae,Empididae,Geometridae,Halictidae,Lasiocampidae,Megachilidae,Muscidae,Oedemeridae,Pieridae,Sarcophagidae,Stratiomyidae,Syrphidae,Tabanidae,Tachinidae,Ulidiidae",86,"Amaranthaceae-Andrenidae,Amaranthaceae-Bibionidae,Amaranthaceae-Bombyliidae,Amaranthaceae-Halictidae,Amaranthaceae-Muscidae,Amaranthaceae-Oedemeridae,Amaranthaceae-Sarcophagidae,Amaranthaceae-Syrphidae,Amaranthaceae-Tabanidae,Amaranthaceae-Ulidiidae,Asteraceae-Andrenidae,Asteraceae-Bombyliidae,Asteraceae-Halictidae,Asteraceae-Lasiocampidae,Asteraceae-Muscidae,Asteraceae-Oedemeridae,Asteraceae-Pieridae,Asteraceae-Sarcophagidae,Asteraceae-Syrphidae,Asteraceae-Tabanidae,Asteraceae-Tachinidae,Asteraceae-Ulidiidae,Caryophyllaceae-Andrenidae,Caryophyllaceae-Bombyliidae,Caryophyllaceae-Halictidae,Caryophyllaceae-Muscidae,Caryophyllaceae-Oedemeridae,Caryophyllaceae-Syrphidae,Caryophyllaceae-Tachinidae,Fabaceae-Andrenidae,Fabaceae-Bombyliidae,Fabaceae-Halictidae,Fabaceae-Oedemeridae,Fabaceae-Syrphidae,Fabaceae-Tachinidae,Gentianaceae-Andrenidae,Gentianaceae-Bibionidae,Gentianaceae-Bombyliidae,Gentianaceae-Halictidae,Gentianaceae-Megachilidae,Gentianaceae-Muscidae,Gentianaceae-Oedemeridae,Gentianaceae-Sarcophagidae,Gentianaceae-Stratiomyidae,Gentianaceae-Syrphidae,Gentianaceae-Tabanidae,Plantaginaceae-Andrenidae,Plantaginaceae-Halictidae,Plantaginaceae-Muscidae,Plantaginaceae-Oedemeridae,Plantaginaceae-Sarcophagidae,Plantaginaceae-Syrphidae,Plantaginaceae-Tachinidae,Plantaginaceae-Ulidiidae,Poaceae-Andrenidae,Poaceae-Bombyliidae,Poaceae-Geometridae,Poaceae-Halictidae,Poaceae-Lasiocampidae,Poaceae-Muscidae,Poaceae-Oedemeridae,Poaceae-Pieridae,Poaceae-Stratiomyidae,Poaceae-Syrphidae,Poaceae-Tabanidae,Poaceae-Tachinidae,Poaceae-Ulidiidae,Ranunculuc-Andrenidae,Ranunculuc-Halictidae,Ranunculuc-Stratiomyidae,Ranunculuc-Syrphidae,LEMA-Andrenidae,LEMA-Bibionidae,LEMA-Bombyliidae,LEMA-Empididae,LEMA-Halictidae,LEMA-Lasiocampidae,LEMA-Megachilidae,LEMA-Muscidae,LEMA-Oedemeridae,LEMA-Sarcophagidae,LEMA-Stratiomyidae,LEMA-Syrphidae,LEMA-Tabanidae,LEMA-Tachinidae,LEMA-Ulidiidae",1,Poaceae,0,0,0,0,0,NA,NA,NA,NA,NA
6,LEMA,2020,species,19,"ANAR,BEMA,CETE,CHFU,CHMI,HOMA,MEEL,MEPO,MESU,PAIN,PLCO,POMA,POMO,PUPA,RAPE,SASO,SCLA,SOAS,SPRU",190,"ANAR-BEMA,ANAR-CETE,ANAR-CHFU,ANAR-CHMI,ANAR-HOMA,ANAR-focal-neighbour,ANAR-MEEL,ANAR-MEPO,ANAR-MESU,ANAR-PAIN,ANAR-PLCO,ANAR-POMA,ANAR-POMO,ANAR-PUPA,ANAR-RAPE,ANAR-SASO,ANAR-SCLA,ANAR-SOAS,ANAR-SPRU,BEMA-CETE,BEMA-CHFU,BEMA-CHMI,BEMA-HOMA,BEMA-focal-neighbour,BEMA-MEEL,BEMA-MEPO,BEMA-MESU,BEMA-PAIN,BEMA-PLCO,BEMA-POMA,BEMA-POMO,BEMA-PUPA,BEMA-RAPE,BEMA-SASO,BEMA-SCLA,BEMA-SOAS,BEMA-SPRU,CETE-CHFU,CETE-CHMI,CETE-HOMA,CETE-focal-neighbour,CETE-MEEL,CETE-MEPO,CETE-MESU,CETE-PAIN,CETE-PLCO,CETE-POMA,CETE-POMO,CETE-PUPA,CETE-RAPE,CETE-SASO,CETE-SCLA,CETE-SOAS,CETE-SPRU,CHFU-CHMI,CHFU-HOMA,CHFU-focal-neighbour,CHFU-MEEL,CHFU-MEPO,CHFU-MESU,CHFU-PAIN,CHFU-PLCO,CHFU-POMA,CHFU-POMO,CHFU-PUPA,CHFU-RAPE,CHFU-SASO,CHFU-SCLA,CHFU-SOAS,CHFU-SPRU,CHMI-HOMA,CHMI-focal-neighbour,CHMI-MEEL,CHMI-MEPO,CHMI-MESU,CHMI-PAIN,CHMI-PLCO,CHMI-POMA,CHMI-POMO,CHMI-PUPA,CHMI-RAPE,CHMI-SASO,CHMI-SCLA,CHMI-SOAS,CHMI-SPRU,HOMA-focal-neighbour,HOMA-MEEL,HOMA-MEPO,HOMA-MESU,HOMA-PAIN,HOMA-PLCO,HOMA-POMA,HOMA-POMO,HOMA-PUPA,HOMA-RAPE,HOMA-SASO,HOMA-SCLA,HOMA-SOAS,HOMA-SPRU,focal-neighbour-MEEL,focal-neighbour-MEPO,focal-neighbour-MESU,focal-neighbour-PAIN,focal-neighbour-PLCO,focal-neighbour-POMA,focal-neighbour-POMO,focal-neighbour-PUPA,focal-neighbour-RAPE,focal-neighbour-SASO,focal-neighbour-SCLA,focal-neighbour-SOAS,focal-neighbour-SPRU,MEEL-MEPO,MEEL-MESU,MEEL-PAIN,MEEL-PLCO,MEEL-POMA,MEEL-POMO,MEEL-PUPA,MEEL-RAPE,MEEL-SASO,MEEL-SCLA,MEEL-SOAS,MEEL-SPRU,MEPO-MESU,MEPO-PAIN,MEPO-PLCO,MEPO-POMA,MEPO-POMO,MEPO-PUPA,MEPO-RAPE,MEPO-SASO,MEPO-SCLA,MEPO-SOAS,MEPO-SPRU,MESU-PAIN,MESU-PLCO,MESU-POMA,MESU-POMO,MESU-PUPA,MESU-RAPE,MESU-SASO,MESU-SCLA,MESU-SOAS,MESU-SPRU,PAIN-PLCO,PAIN-POMA,PAIN-POMO,PAIN-PUPA,PAIN-RAPE,PAIN-SASO,PAIN-SCLA,PAIN-SOAS,PAIN-SPRU,PLCO-POMA,PLCO-POMO,PLCO-PUPA,PLCO-RAPE,PLCO-SASO,PLCO-SCLA,PLCO-SOAS,PLCO-SPRU,POMA-POMO,POMA-PUPA,POMA-RAPE,POMA-SASO,POMA-SCLA,POMA-SOAS,POMA-SPRU,POMO-PUPA,POMO-RAPE,POMO-SASO,POMO-SCLA,POMO-SOAS,POMO-SPRU,PUPA-RAPE,PUPA-SASO,PUPA-SCLA,PUPA-SOAS,PUPA-SPRU,RAPE-SASO,RAPE-SCLA,RAPE-SOAS,RAPE-SPRU,SASO-SCLA,SASO-SOAS,SASO-SPRU,SCLA-SOAS,SCLA-SPRU,SOAS-SPRU",18,"Aiolopus-strepens,Aphis-fabae,Brassicogethes-spp,Cassida-spp,Cicadidae,Cochlicella-barbara,Conocephalus-dorsalis,Cryptocephalus-spp,Curculionidae,Lasiocampa-trifolii-larva,Miridae,Mordellidae,Nitidulidae,Orthoptera,Tessellana-tessellata,Tetranychus-urticae,Theba-pisana,Thysanoptera",129,"ANAR-Brassicogethes-spp,ANAR-Cochlicella-barbara,BEMA-Brassicogethes-spp,BEMA-Cassida-spp,BEMA-Cochlicella-barbara,BEMA-Cryptocephalus-spp,BEMA-Curculionidae,BEMA-Lasiocampa-trifolii-larva,BEMA-Miridae,BEMA-Mordellidae,BEMA-Nitidulidae,BEMA-Tessellana-tessellata,BEMA-Tetranychus-urticae,BEMA-Theba-pisana,BEMA-Thysanoptera,CETE-Aphis-fabae,CETE-Brassicogethes-spp,CETE-Cochlicella-barbara,CETE-Cryptocephalus-spp,CETE-Curculionidae,CETE-Lasiocampa-trifolii-larva,CETE-Miridae,CETE-Mordellidae,CETE-Nitidulidae,CETE-Orthoptera,CETE-Tessellana-tessellata,CETE-Tetranychus-urticae,CETE-Theba-pisana,CHFU-Brassicogethes-spp,CHFU-Cochlicella-barbara,CHFU-Cryptocephalus-spp,CHFU-Lasiocampa-trifolii-larva,CHFU-Tessellana-tessellata,CHFU-Theba-pisana,CHMI-Brassicogethes-spp,CHMI-Cochlicella-barbara,CHMI-Tessellana-tessellata,HOMA-Aiolopus-strepens,HOMA-Brassicogethes-spp,HOMA-Cassida-spp,HOMA-Cochlicella-barbara,HOMA-Cryptocephalus-spp,HOMA-Lasiocampa-trifolii-larva,HOMA-Tessellana-tessellata,HOMA-Theba-pisana,HOMA-Thysanoptera,MEEL-Brassicogethes-spp,MEPO-Lasiocampa-trifolii-larva,MESU-Aphis-fabae,MESU-Brassicogethes-spp,MESU-Cochlicella-barbara,MESU-Cryptocephalus-spp,MESU-Curculionidae,MESU-Lasiocampa-trifolii-larva,MESU-Orthoptera,MESU-Tessellana-tessellata,MESU-Theba-pisana,PAIN-Aiolopus-strepens,PAIN-Brassicogethes-spp,PAIN-Cochlicella-barbara,PAIN-Lasiocampa-trifolii-larva,PAIN-Tessellana-tessellata,PAIN-Theba-pisana,PLCO-Brassicogethes-spp,PLCO-Cochlicella-barbara,PLCO-Cryptocephalus-spp,PLCO-Lasiocampa-trifolii-larva,PLCO-Tessellana-tessellata,PLCO-Theba-pisana,POMA-Brassicogethes-spp,POMA-Cochlicella-barbara,POMA-Conocephalus-dorsalis,POMA-Curculionidae,POMA-Lasiocampa-trifolii-larva,POMA-Tessellana-tessellata,POMA-Theba-pisana,POMO-Brassicogethes-spp,POMO-Cochlicella-barbara,POMO-Cryptocephalus-spp,POMO-Theba-pisana,PUPA-Aphis-fabae,PUPA-Brassicogethes-spp,PUPA-Cochlicella-barbara,PUPA-Tessellana-tessellata,PUPA-Theba-pisana,RAPE-Brassicogethes-spp,RAPE-Cochlicella-barbara,RAPE-Tessellana-tessellata,SASO-Brassicogethes-spp,SASO-Cassida-spp,SASO-Cochlicella-barbara,SASO-Lasiocampa-trifolii-larva,SASO-Orthoptera,SASO-Theba-pisana,SCLA-Brassicogethes-spp,SCLA-Cassida-spp,SCLA-Cochlicella-barbara,SCLA-Cryptocephalus-spp,SCLA-Lasiocampa-trifolii-larva,SCLA-Mordellidae,SCLA-Tessellana-tessellata,SCLA-Theba-pisana,SOAS-Brassicogethes-spp,SOAS-Cassida-spp,SOAS-Cochlicella-barbara,SOAS-Curculionidae,SOAS-Tessellana-tessellata,SOAS-Theba-pisana,SPRU-Brassicogethes-spp,SPRU-Cochlicella-barbara,SPRU-Cryptocephalus-spp,SPRU-Curculionidae,SPRU-Theba-pisana,focal-neighbour-Aiolopus-strepens,focal-neighbour-Aphis-fabae,focal-neighbour-Brassicogethes-spp,focal-neighbour-Cassida-spp,focal-neighbour-Cochlicella-barbara,focal-neighbour-Conocephalus-dorsalis,focal-neighbour-Cryptocephalus-spp,focal-neighbour-Curculionidae,focal-neighbour-Lasiocampa-trifolii-larva,focal-neighbour-Miridae,focal-neighbour-Mordellidae,focal-neighbour-Nitidulidae,focal-neighbour-Orthoptera,focal-neighbour-Tessellana-tessellata,focal-neighbour-Tetranychus-urticae,focal-neighbour-Theba-pisana",27,"Anastoechus-spp,Andrena-humilis,Andrena-spp,Bombyliidae,Bombylius-major,Cylindromyia-sp-red-color,Dilophus-spp,Diptera,Empis-spp,Episyrphus-balteatus,Eristalis-similis,Euchloe-crameri,Geometridae,Lasiocampa-trifolii,Lasioglossum-immunitum,Lasioglossum-malachurum,Lepidoptera,Malachius-bipustulatus,Musca-spp,Nemotelus-spp,Oedemeridae,Osmia-ligurica,Psilothrix-viridicoerulea,Sarcophaga-spp,Sphaerophoria-scripta,Tabanidae,Ulidiidae-sp-wings-with-pattern",171,"BEMA-Anastoechus-spp,BEMA-Andrena-humilis,BEMA-Andrena-spp,BEMA-Bombyliidae,BEMA-Dilophus-spp,BEMA-Episyrphus-balteatus,BEMA-Lasioglossum-immunitum,BEMA-Lasioglossum-malachurum,BEMA-Lepidoptera,BEMA-Malachius-bipustulatus,BEMA-Musca-spp,BEMA-Oedemeridae,BEMA-Psilothrix-viridicoerulea,BEMA-Sphaerophoria-scripta,BEMA-Tabanidae,BEMA-Ulidiidae-sp-wings-with-pattern,CETE-Anastoechus-spp,CETE-Andrena-humilis,CETE-Andrena-spp,CETE-Bombyliidae,CETE-Bombylius-major,CETE-Dilophus-spp,CETE-Diptera,CETE-Lasioglossum-malachurum,CETE-Malachius-bipustulatus,CETE-Musca-spp,CETE-Nemotelus-spp,CETE-Oedemeridae,CETE-Osmia-ligurica,CETE-Psilothrix-viridicoerulea,CETE-Sarcophaga-spp,CETE-Sphaerophoria-scripta,CETE-Tabanidae,CHFU-Anastoechus-spp,CHFU-Andrena-humilis,CHFU-Bombyliidae,CHFU-Cylindromyia-sp-red-color,CHFU-Episyrphus-balteatus,CHFU-Euchloe-crameri,CHFU-Musca-spp,CHFU-Psilothrix-viridicoerulea,CHFU-Sphaerophoria-scripta,CHMI-Andrena-spp,CHMI-Psilothrix-viridicoerulea,HOMA-Anastoechus-spp,HOMA-Andrena-humilis,HOMA-Andrena-spp,HOMA-Bombyliidae,HOMA-Bombylius-major,HOMA-Cylindromyia-sp-red-color,HOMA-Episyrphus-balteatus,HOMA-Euchloe-crameri,HOMA-Geometridae,HOMA-Lasioglossum-immunitum,HOMA-Lasioglossum-malachurum,HOMA-Malachius-bipustulatus,HOMA-Musca-spp,HOMA-Oedemeridae,HOMA-Psilothrix-viridicoerulea,HOMA-Sphaerophoria-scripta,HOMA-Tabanidae,HOMA-Ulidiidae-sp-wings-with-pattern,MESU-Anastoechus-spp,MESU-Andrena-humilis,MESU-Andrena-spp,MESU-Cylindromyia-sp-red-color,MESU-Lasioglossum-malachurum,MESU-Malachius-bipustulatus,MESU-Oedemeridae,MESU-Psilothrix-viridicoerulea,MESU-Sphaerophoria-scripta,PAIN-Andrena-humilis,PAIN-Andrena-spp,PAIN-Euchloe-crameri,PAIN-Lasioglossum-malachurum,PAIN-Nemotelus-spp,PAIN-Psilothrix-viridicoerulea,PAIN-Sphaerophoria-scripta,PAIN-Tabanidae,PLCO-Andrena-humilis,PLCO-Andrena-spp,PLCO-Cylindromyia-sp-red-color,PLCO-Eristalis-similis,PLCO-Lasioglossum-malachurum,PLCO-Malachius-bipustulatus,PLCO-Musca-spp,PLCO-Oedemeridae,PLCO-Psilothrix-viridicoerulea,PLCO-Sarcophaga-spp,PLCO-Sphaerophoria-scripta,PLCO-Ulidiidae-sp-wings-with-pattern,POMA-Andrena-humilis,POMA-Cylindromyia-sp-red-color,POMA-Episyrphus-balteatus,POMA-Lasiocampa-trifolii,POMA-Lasioglossum-malachurum,POMA-Nemotelus-spp,POMA-Oedemeridae,POMA-Psilothrix-viridicoerulea,POMA-Sphaerophoria-scripta,POMO-Andrena-humilis,POMO-Malachius-bipustulatus,POMO-Psilothrix-viridicoerulea,PUPA-Andrena-humilis,PUPA-Bombyliidae,PUPA-Psilothrix-viridicoerulea,PUPA-Sphaerophoria-scripta,RAPE-Andrena-humilis,RAPE-Lasioglossum-malachurum,RAPE-Nemotelus-spp,RAPE-Sphaerophoria-scripta,SASO-Anastoechus-spp,SASO-Andrena-humilis,SASO-Andrena-spp,SASO-Bombyliidae,SASO-Lasioglossum-malachurum,SASO-Musca-spp,SASO-Psilothrix-viridicoerulea,SASO-Sarcophaga-spp,SASO-Sphaerophoria-scripta,SCLA-Anastoechus-spp,SCLA-Andrena-humilis,SCLA-Bombyliidae,SCLA-Lasioglossum-malachurum,SCLA-Musca-spp,SCLA-Psilothrix-viridicoerulea,SCLA-Sphaerophoria-scripta,SCLA-Tabanidae,SOAS-Andrena-humilis,SOAS-Bombyliidae,SOAS-Episyrphus-balteatus,SOAS-Lasiocampa-trifolii,SOAS-Lasioglossum-malachurum,SOAS-Oedemeridae,SOAS-Psilothrix-viridicoerulea,SOAS-Sarcophaga-spp,SOAS-Sphaerophoria-scripta,SOAS-Ulidiidae-sp-wings-with-pattern,SPRU-Anastoechus-spp,SPRU-Andrena-humilis,SPRU-Andrena-spp,SPRU-Cylindromyia-sp-red-color,SPRU-Lasioglossum-malachurum,SPRU-Musca-spp,SPRU-Oedemeridae,SPRU-Psilothrix-viridicoerulea,SPRU-Sphaerophoria-scripta,focal-neighbour-Anastoechus-spp,focal-neighbour-Andrena-humilis,focal-neighbour-Andrena-spp,focal-neighbour-Bombyliidae,focal-neighbour-Bombylius-major,focal-neighbour-Cylindromyia-sp-red-color,focal-neighbour-Dilophus-spp,focal-neighbour-Diptera,focal-neighbour-Empis-spp,focal-neighbour-Episyrphus-balteatus,focal-neighbour-Lasiocampa-trifolii,focal-neighbour-Lasioglossum-immunitum,focal-neighbour-Lasioglossum-malachurum,focal-neighbour-Lepidoptera,focal-neighbour-Malachius-bipustulatus,focal-neighbour-Musca-spp,focal-neighbour-Nemotelus-spp,focal-neighbour-Oedemeridae,focal-neighbour-Osmia-ligurica,focal-neighbour-Psilothrix-viridicoerulea,focal-neighbour-Sarcophaga-spp,focal-neighbour-Sphaerophoria-scripta,focal-neighbour-Tabanidae,focal-neighbour-Ulidiidae-sp-wings-with-pattern",1,HOMA,0,0,0,0,0,NA,NA,NA,NA,NA
7,LEMA,2021,group,2,"Forb,Grass",3,"Forb-Grass,Forb-LEMA,Grass-LEMA",4,"beetle,caterpillar,grasshopper,snail",12,"Forb-beetle,Forb-caterpillar,Forb-grasshopper,Forb-snail,Grass-beetle,Grass-caterpillar,Grass-grasshopper,Grass-snail,LEMA-beetle,LEMA-caterpillar,LEMA-grasshopper,LEMA-snail",3,"bee,butterfly,fly",9,"Forb-bee,Forb-butterfly,Forb-fly,Grass-bee,Grass-butterfly,Grass-fly,LEMA-bee,LEMA-butterfly,LEMA-fly",1,Grass,0,0,0,0,0,NA,NA,NA,NA,NA
8,LEMA,2021,family,8,"Amaranthaceae,Asteraceae,Caryophyllaceae,Fabaceae,Gentianaceae,Plantaginaceae,Poaceae,Primulacea",36,"Amaranthaceae-Asteraceae,Amaranthaceae-Caryophyllaceae,Amaranthaceae-Fabaceae,Amaranthaceae-Gentianaceae,Amaranthaceae-Plantaginaceae,Amaranthaceae-Poaceae,Amaranthaceae-Primulacea,Amaranthaceae-LEMA,Asteraceae-Caryophyllaceae,Asteraceae-Fabaceae,Asteraceae-Gentianaceae,Asteraceae-Plantaginaceae,Asteraceae-Poaceae,Asteraceae-Primulacea,Asteraceae-LEMA,Caryophyllaceae-Fabaceae,Caryophyllaceae-Gentianaceae,Caryophyllaceae-Plantaginaceae,Caryophyllaceae-Poaceae,Caryophyllaceae-Primulacea,Caryophyllaceae-LEMA,Fabaceae-Gentianaceae,Fabaceae-Plantaginaceae,Fabaceae-Poaceae,Fabaceae-Primulacea,Fabaceae-LEMA,Gentianaceae-Plantaginaceae,Gentianaceae-Poaceae,Gentianaceae-Primulacea,Gentianaceae-LEMA,Plantaginaceae-Poaceae,Plantaginaceae-Primulacea,Plantaginaceae-LEMA,Poaceae-Primulacea,Poaceae-LEMA,Primulacea-LEMA",7,"Acrididae,Aphididae,Coccinellidae,Geomitridae,Helicidae,Pentatomidae,Tettigoniidae",32,"Amaranthaceae-Geomitridae,Amaranthaceae-Helicidae,Amaranthaceae-Tettigoniidae,Asteraceae-Geomitridae,Asteraceae-Helicidae,Asteraceae-Tettigoniidae,Caryophyllaceae-Geomitridae,Caryophyllaceae-Helicidae,Caryophyllaceae-Tettigoniidae,Fabaceae-Geomitridae,Fabaceae-Helicidae,Fabaceae-Tettigoniidae,Gentianaceae-Coccinellidae,Gentianaceae-Geomitridae,Gentianaceae-Helicidae,Gentianaceae-Tettigoniidae,Plantaginaceae-Geomitridae,Plantaginaceae-Helicidae,Plantaginaceae-Tettigoniidae,Poaceae-Acrididae,Poaceae-Aphididae,Poaceae-Geomitridae,Poaceae-Helicidae,Poaceae-Pentatomidae,Poaceae-Tettigoniidae,Primulacea-Helicidae,LEMA-Acrididae,LEMA-Coccinellidae,LEMA-Geomitridae,LEMA-Helicidae,LEMA-Pentatomidae,LEMA-Tettigoniidae",11,"Andrenidae,Apidae,Bibionidae,Bombyliidae,Halictidae,Megachilidae,Muscidae,Oedemeridae,Pieridae,Syrphidae,Ulidiidae",58,"Amaranthaceae-Andrenidae,Amaranthaceae-Apidae,Amaranthaceae-Bombyliidae,Amaranthaceae-Halictidae,Amaranthaceae-Megachilidae,Amaranthaceae-Oedemeridae,Amaranthaceae-Syrphidae,Amaranthaceae-Ulidiidae,Asteraceae-Andrenidae,Asteraceae-Apidae,Asteraceae-Bibionidae,Asteraceae-Bombyliidae,Asteraceae-Halictidae,Asteraceae-Megachilidae,Asteraceae-Muscidae,Asteraceae-Oedemeridae,Asteraceae-Syrphidae,Asteraceae-Ulidiidae,Caryophyllaceae-Syrphidae,Fabaceae-Andrenidae,Fabaceae-Apidae,Fabaceae-Bibionidae,Fabaceae-Bombyliidae,Fabaceae-Megachilidae,Fabaceae-Muscidae,Fabaceae-Oedemeridae,Fabaceae-Syrphidae,Gentianaceae-Andrenidae,Gentianaceae-Apidae,Gentianaceae-Bibionidae,Gentianaceae-Bombyliidae,Gentianaceae-Halictidae,Gentianaceae-Muscidae,Gentianaceae-Oedemeridae,Gentianaceae-Syrphidae,Gentianaceae-Ulidiidae,Plantaginaceae-Muscidae,Plantaginaceae-Oedemeridae,Plantaginaceae-Syrphidae,Poaceae-Andrenidae,Poaceae-Apidae,Poaceae-Bombyliidae,Poaceae-Halictidae,Poaceae-Megachilidae,Poaceae-Muscidae,Poaceae-Oedemeridae,Poaceae-Pieridae,Poaceae-Syrphidae,LEMA-Andrenidae,LEMA-Apidae,LEMA-Bibionidae,LEMA-Bombyliidae,LEMA-Halictidae,LEMA-Megachilidae,LEMA-Muscidae,LEMA-Oedemeridae,LEMA-Syrphidae,LEMA-Ulidiidae",0,NA,0,0,0,0,0,NA,NA,NA,NA,NA
9,LEMA,2021,species,17,"ANAR,BEMA,CETE,CHFU,CHMI,HOMA,MEEL,MEPO,MESU,PAIN,PLCO,POMA,POMO,SASO,SCLA,SOAS,SPRU",153,"ANAR-BEMA,ANAR-CETE,ANAR-CHFU,ANAR-CHMI,ANAR-HOMA,ANAR-focal-neighbour,ANAR-MEEL,ANAR-MEPO,ANAR-MESU,ANAR-PAIN,ANAR-PLCO,ANAR-POMA,ANAR-POMO,ANAR-SASO,ANAR-SCLA,ANAR-SOAS,ANAR-SPRU,BEMA-CETE,BEMA-CHFU,BEMA-CHMI,BEMA-HOMA,BEMA-focal-neighbour,BEMA-MEEL,BEMA-MEPO,BEMA-MESU,BEMA-PAIN,BEMA-PLCO,BEMA-POMA,BEMA-POMO,BEMA-SASO,BEMA-SCLA,BEMA-SOAS,BEMA-SPRU,CETE-CHFU,CETE-CHMI,CETE-HOMA,CETE-focal-neighbour,CETE-MEEL,CETE-MEPO,CETE-MESU,CETE-PAIN,CETE-PLCO,CETE-POMA,CETE-POMO,CETE-SASO,CETE-SCLA,CETE-SOAS,CETE-SPRU,CHFU-CHMI,CHFU-HOMA,CHFU-focal-neighbour,CHFU-MEEL,CHFU-MEPO,CHFU-MESU,CHFU-PAIN,CHFU-PLCO,CHFU-POMA,CHFU-POMO,CHFU-SASO,CHFU-SCLA,CHFU-SOAS,CHFU-SPRU,CHMI-HOMA,CHMI-focal-neighbour,CHMI-MEEL,CHMI-MEPO,CHMI-MESU,CHMI-PAIN,CHMI-PLCO,CHMI-POMA,CHMI-POMO,CHMI-SASO,CHMI-SCLA,CHMI-SOAS,CHMI-SPRU,HOMA-focal-neighbour,HOMA-MEEL,HOMA-MEPO,HOMA-MESU,HOMA-PAIN,HOMA-PLCO,HOMA-POMA,HOMA-POMO,HOMA-SASO,HOMA-SCLA,HOMA-SOAS,HOMA-SPRU,focal-neighbour-MEEL,focal-neighbour-MEPO,focal-neighbour-MESU,focal-neighbour-PAIN,focal-neighbour-PLCO,focal-neighbour-POMA,focal-neighbour-POMO,focal-neighbour-SASO,focal-neighbour-SCLA,focal-neighbour-SOAS,focal-neighbour-SPRU,MEEL-MEPO,MEEL-MESU,MEEL-PAIN,MEEL-PLCO,MEEL-POMA,MEEL-POMO,MEEL-SASO,MEEL-SCLA,MEEL-SOAS,MEEL-SPRU,MEPO-MESU,MEPO-PAIN,MEPO-PLCO,MEPO-POMA,MEPO-POMO,MEPO-SASO,MEPO-SCLA,MEPO-SOAS,MEPO-SPRU,MESU-PAIN,MESU-PLCO,MESU-POMA,MESU-POMO,MESU-SASO,MESU-SCLA,MESU-SOAS,MESU-SPRU,PAIN-PLCO,PAIN-POMA,PAIN-POMO,PAIN-SASO,PAIN-SCLA,PAIN-SOAS,PAIN-SPRU,PLCO-POMA,PLCO-POMO,PLCO-SASO,PLCO-SCLA,PLCO-SOAS,PLCO-SPRU,POMA-POMO,POMA-SASO,POMA-SCLA,POMA-SOAS,POMA-SPRU,POMO-SASO,POMO-SCLA,POMO-SOAS,POMO-SPRU,SASO-SCLA,SASO-SOAS,SASO-SPRU,SCLA-SOAS,SCLA-SPRU,SOAS-SPRU",13,"Aelia-spp,Agapanthia-annularis,Aphis-fabae,Calamobius-filum,Cochlicella-barbara,Conocephalus-dorsalis,Dociostaurus-jagoi,Geometridae-sp-brown-naked-larva,Lasiocampa-trifolii-larva,Lepidoptera-sp-green-naked-larva,Otala-lactea,Tessellana-tessellata,Theba-pisana",76,"ANAR-Theba-pisana,BEMA-Cochlicella-barbara,BEMA-Conocephalus-dorsalis,BEMA-Tessellana-tessellata,BEMA-Theba-pisana,CETE-Agapanthia-annularis,CETE-Cochlicella-barbara,CETE-Geometridae-sp-brown-naked-larva,CETE-Lasiocampa-trifolii-larva,CETE-Lepidoptera-sp-green-naked-larva,CETE-Tessellana-tessellata,CETE-Theba-pisana,CHFU-Cochlicella-barbara,CHFU-Lepidoptera-sp-green-naked-larva,CHFU-Theba-pisana,CHMI-Cochlicella-barbara,CHMI-Theba-pisana,HOMA-Aelia-spp,HOMA-Agapanthia-annularis,HOMA-Aphis-fabae,HOMA-Calamobius-filum,HOMA-Cochlicella-barbara,HOMA-Dociostaurus-jagoi,HOMA-Geometridae-sp-brown-naked-larva,HOMA-Lasiocampa-trifolii-larva,HOMA-Lepidoptera-sp-green-naked-larva,HOMA-Otala-lactea,HOMA-Tessellana-tessellata,HOMA-Theba-pisana,MEEL-Cochlicella-barbara,MEEL-Tessellana-tessellata,MEEL-Theba-pisana,MEPO-Cochlicella-barbara,MEPO-Theba-pisana,MESU-Agapanthia-annularis,MESU-Cochlicella-barbara,MESU-Lasiocampa-trifolii-larva,MESU-Tessellana-tessellata,MESU-Theba-pisana,PAIN-Agapanthia-annularis,PAIN-Cochlicella-barbara,PAIN-Lepidoptera-sp-green-naked-larva,PAIN-Tessellana-tessellata,PAIN-Theba-pisana,PLCO-Cochlicella-barbara,PLCO-Lepidoptera-sp-green-naked-larva,PLCO-Tessellana-tessellata,PLCO-Theba-pisana,POMA-Cochlicella-barbara,POMA-Lepidoptera-sp-green-naked-larva,POMA-Tessellana-tessellata,POMA-Theba-pisana,POMO-Cochlicella-barbara,POMO-Theba-pisana,SASO-Cochlicella-barbara,SASO-Theba-pisana,SCLA-Cochlicella-barbara,SCLA-Lepidoptera-sp-green-naked-larva,SCLA-Theba-pisana,SOAS-Cochlicella-barbara,SOAS-Tessellana-tessellata,SOAS-Theba-pisana,SPRU-Cochlicella-barbara,SPRU-Tessellana-tessellata,SPRU-Theba-pisana,focal-neighbour-Aelia-spp,focal-neighbour-Agapanthia-annularis,focal-neighbour-Calamobius-filum,focal-neighbour-Cochlicella-barbara,focal-neighbour-Conocephalus-dorsalis,focal-neighbour-Dociostaurus-jagoi,focal-neighbour-Geometridae-sp-brown-naked-larva,focal-neighbour-Lasiocampa-trifolii-larva,focal-neighbour-Lepidoptera-sp-green-naked-larva,focal-neighbour-Tessellana-tessellata,focal-neighbour-Theba-pisana",27,"Andrena-spp,Apidae,Apis-mellifera,Bibionidae,Bombyliidae,Calliphoridae,Colias-croceus,Dilophus-spp,Diptera,Episyrphus-balteatus,Eristalinus-taeniops,Eristalis-similis,Eucera-spp,Eupeodes-corollae,Halictidae,Hymenoptera,Lasioglossum-immunitum,Lepidoptera,Lomatia-spp,Malachius-bipustulatus,Musca-spp,Oedemeridae,Osmia-spp,Psilothrix-viridicoerulea,Sphaerophoria-scripta,Syrphidae,Ulidiidae-sp-wings-with-pattern",184,"ANAR-Diptera,ANAR-Hymenoptera,ANAR-Psilothrix-viridicoerulea,BEMA-Andrena-spp,BEMA-Bombyliidae,BEMA-Diptera,BEMA-Episyrphus-balteatus,BEMA-Eristalis-similis,BEMA-Eucera-spp,BEMA-Eupeodes-corollae,BEMA-Hymenoptera,BEMA-Lasioglossum-immunitum,BEMA-Oedemeridae,BEMA-Osmia-spp,BEMA-Psilothrix-viridicoerulea,BEMA-Sphaerophoria-scripta,BEMA-Syrphidae,CETE-Andrena-spp,CETE-Apidae,CETE-Bibionidae,CETE-Bombyliidae,CETE-Calliphoridae,CETE-Diptera,CETE-Eristalinus-taeniops,CETE-Eristalis-similis,CETE-Eupeodes-corollae,CETE-Hymenoptera,CETE-Lasioglossum-immunitum,CETE-Lepidoptera,CETE-Musca-spp,CETE-Oedemeridae,CETE-Psilothrix-viridicoerulea,CETE-Sphaerophoria-scripta,CETE-Syrphidae,CETE-Ulidiidae-sp-wings-with-pattern,CHFU-Bibionidae,CHFU-Diptera,CHFU-Eristalinus-taeniops,CHFU-Eristalis-similis,CHFU-Eupeodes-corollae,CHFU-Hymenoptera,CHFU-Musca-spp,CHFU-Oedemeridae,CHFU-Psilothrix-viridicoerulea,CHFU-Sphaerophoria-scripta,CHFU-Syrphidae,CHFU-Ulidiidae-sp-wings-with-pattern,CHMI-Hymenoptera,CHMI-Psilothrix-viridicoerulea,CHMI-Syrphidae,HOMA-Andrena-spp,HOMA-Apis-mellifera,HOMA-Bombyliidae,HOMA-Colias-croceus,HOMA-Diptera,HOMA-Episyrphus-balteatus,HOMA-Eristalis-similis,HOMA-Eucera-spp,HOMA-Eupeodes-corollae,HOMA-Halictidae,HOMA-Hymenoptera,HOMA-Lasioglossum-immunitum,HOMA-Malachius-bipustulatus,HOMA-Musca-spp,HOMA-Oedemeridae,HOMA-Osmia-spp,HOMA-Psilothrix-viridicoerulea,HOMA-Sphaerophoria-scripta,HOMA-Syrphidae,MEEL-Diptera,MEEL-Eupeodes-corollae,MEEL-Hymenoptera,MEEL-Syrphidae,MEPO-Psilothrix-viridicoerulea,MEPO-Sphaerophoria-scripta,MESU-Andrena-spp,MESU-Apidae,MESU-Bombyliidae,MESU-Calliphoridae,MESU-Dilophus-spp,MESU-Diptera,MESU-Eristalinus-taeniops,MESU-Eristalis-similis,MESU-Eupeodes-corollae,MESU-Hymenoptera,MESU-Lepidoptera,MESU-Lomatia-spp,MESU-Musca-spp,MESU-Oedemeridae,MESU-Osmia-spp,MESU-Psilothrix-viridicoerulea,MESU-Sphaerophoria-scripta,MESU-Syrphidae,PAIN-Andrena-spp,PAIN-Apidae,PAIN-Bombyliidae,PAIN-Diptera,PAIN-Eristalinus-taeniops,PAIN-Eristalis-similis,PAIN-Eupeodes-corollae,PAIN-Hymenoptera,PAIN-Lasioglossum-immunitum,PAIN-Oedemeridae,PAIN-Psilothrix-viridicoerulea,PAIN-Sphaerophoria-scripta,PAIN-Syrphidae,PLCO-Diptera,PLCO-Episyrphus-balteatus,PLCO-Eristalis-similis,PLCO-Hymenoptera,PLCO-Lomatia-spp,PLCO-Musca-spp,PLCO-Oedemeridae,PLCO-Psilothrix-viridicoerulea,PLCO-Sphaerophoria-scripta,PLCO-Syrphidae,POMA-Diptera,POMA-Eristalis-similis,POMA-Lomatia-spp,POMA-Psilothrix-viridicoerulea,POMA-Sphaerophoria-scripta,POMA-Syrphidae,POMO-Psilothrix-viridicoerulea,POMO-Sphaerophoria-scripta,SASO-Bombyliidae,SASO-Diptera,SASO-Eupeodes-corollae,SASO-Psilothrix-viridicoerulea,SASO-Sphaerophoria-scripta,SASO-Syrphidae,SASO-Ulidiidae-sp-wings-with-pattern,SCLA-Apidae,SCLA-Dilophus-spp,SCLA-Diptera,SCLA-Eristalinus-taeniops,SCLA-Hymenoptera,SCLA-Lasioglossum-immunitum,SCLA-Lepidoptera,SCLA-Psilothrix-viridicoerulea,SCLA-Sphaerophoria-scripta,SCLA-Syrphidae,SOAS-Andrena-spp,SOAS-Bibionidae,SOAS-Bombyliidae,SOAS-Diptera,SOAS-Episyrphus-balteatus,SOAS-Eristalis-similis,SOAS-Eucera-spp,SOAS-Eupeodes-corollae,SOAS-Hymenoptera,SOAS-Lepidoptera,SOAS-Musca-spp,SOAS-Osmia-spp,SOAS-Psilothrix-viridicoerulea,SOAS-Sphaerophoria-scripta,SOAS-Syrphidae,SOAS-Ulidiidae-sp-wings-with-pattern,SPRU-Diptera,SPRU-Hymenoptera,SPRU-Psilothrix-viridicoerulea,SPRU-Sphaerophoria-scripta,SPRU-Syrphidae,focal-neighbour-Andrena-spp,focal-neighbour-Apidae,focal-neighbour-Bibionidae,focal-neighbour-Bombyliidae,focal-neighbour-Calliphoridae,focal-neighbour-Dilophus-spp,focal-neighbour-Diptera,focal-neighbour-Eristalinus-taeniops,focal-neighbour-Eristalis-similis,focal-neighbour-Eupeodes-corollae,focal-neighbour-Hymenoptera,focal-neighbour-Lasioglossum-immunitum,focal-neighbour-Lepidoptera,focal-neighbour-Lomatia-spp,focal-neighbour-Malachius-bipustulatus,focal-neighbour-Musca-spp,focal-neighbour-Oedemeridae,focal-neighbour-Osmia-spp,focal-neighbour-Psilothrix-viridicoerulea,focal-neighbour-Sphaerophoria-scripta,focal-neighbour-Syrphidae,focal-neighbour-Ulidiidae-sp-wings-with-pattern",1,MEEL,0,0,0,0,0,NA,NA,NA,NA,NA
10,CHFU,2019,group,2,"Forb,Grass",3,"Forb-Grass,Forb-CHFU,Grass-CHFU",4,"beetle,caterpillar,grasshopper,snail",10,"Forb-beetle,Forb-caterpillar,Forb-snail,Grass-beetle,Grass-caterpillar,Grass-snail,CHFU-beetle,CHFU-caterpillar,CHFU-grasshopper,CHFU-snail",3,"bee,fly,wasp",7,"Forb-bee,Forb-fly,Grass-bee,Grass-fly,CHFU-bee,CHFU-fly,CHFU-wasp",0,NA,0,0,0,0,0,NA,NA,NA,NA,NA
11,CHFU,2019,family,8,"Amaranthaceae,Asteraceae,Caryophyllaceae,Fabaceae,Gentianaceae,Plantaginaceae,Poaceae,Ranunculuc",36,"Amaranthaceae-Asteraceae,Amaranthaceae-Caryophyllaceae,Amaranthaceae-Fabaceae,Amaranthaceae-Gentianaceae,Amaranthaceae-Plantaginaceae,Amaranthaceae-Poaceae,Amaranthaceae-Ranunculuc,Amaranthaceae-CHFU,Asteraceae-Caryophyllaceae,Asteraceae-Fabaceae,Asteraceae-Gentianaceae,Asteraceae-Plantaginaceae,Asteraceae-Poaceae,Asteraceae-Ranunculuc,Asteraceae-CHFU,Caryophyllaceae-Fabaceae,Caryophyllaceae-Gentianaceae,Caryophyllaceae-Plantaginaceae,Caryophyllaceae-Poaceae,Caryophyllaceae-Ranunculuc,Caryophyllaceae-CHFU,Fabaceae-Gentianaceae,Fabaceae-Plantaginaceae,Fabaceae-Poaceae,Fabaceae-Ranunculuc,Fabaceae-CHFU,Gentianaceae-Plantaginaceae,Gentianaceae-Poaceae,Gentianaceae-Ranunculuc,Gentianaceae-CHFU,Plantaginaceae-Poaceae,Plantaginaceae-Ranunculuc,Plantaginaceae-CHFU,Poaceae-Ranunculuc,Poaceae-CHFU,Ranunculuc-CHFU",6,"Coccinellidae,Geomitridae,Helicidae,Miridae,Pentatomidae,Tettigoniidae",13,"Asteraceae-Geomitridae,Asteraceae-Miridae,Poaceae-Geomitridae,Poaceae-Miridae,Ranunculuc-Coccinellidae,Ranunculuc-Helicidae,Ranunculuc-Miridae,Ranunculuc-Pentatomidae,CHFU-Coccinellidae,CHFU-Geomitridae,CHFU-Helicidae,CHFU-Miridae,CHFU-Tettigoniidae",9,"Andrenidae,Apidae,Bibionidae,Chrysididae,Empididae,Muscidae,Stratiomyidae,Syrphidae,Ulidiidae",34,"Asteraceae-Andrenidae,Asteraceae-Apidae,Asteraceae-Bibionidae,Asteraceae-Empididae,Asteraceae-Syrphidae,Caryophyllaceae-Bibionidae,Fabaceae-Andrenidae,Fabaceae-Apidae,Fabaceae-Bibionidae,Fabaceae-Empididae,Fabaceae-Syrphidae,Gentianaceae-Bibionidae,Gentianaceae-Syrphidae,Plantaginaceae-Bibionidae,Plantaginaceae-Syrphidae,Poaceae-Andrenidae,Poaceae-Apidae,Poaceae-Bibionidae,Poaceae-Empididae,Poaceae-Syrphidae,Ranunculuc-Andrenidae,Ranunculuc-Apidae,Ranunculuc-Bibionidae,Ranunculuc-Empididae,Ranunculuc-Stratiomyidae,CHFU-Andrenidae,CHFU-Apidae,CHFU-Bibionidae,CHFU-Chrysididae,CHFU-Empididae,CHFU-Muscidae,CHFU-Stratiomyidae,CHFU-Syrphidae,CHFU-Ulidiidae",0,NA,0,0,0,0,0,NA,NA,NA,NA,NA
12,CHFU,2019,species,13,"BEMA,CETE,HOMA,LEMA,MEEL,MEPO,PLCO,POMA,RAPE,SCLA,SOAS,SPRU,SUSP",91,"BEMA-CETE,BEMA-focal-neighbour,BEMA-HOMA,BEMA-LEMA,BEMA-MEEL,BEMA-MEPO,BEMA-PLCO,BEMA-POMA,BEMA-RAPE,BEMA-SCLA,BEMA-SOAS,BEMA-SPRU,BEMA-SUSP,CETE-focal-neighbour,CETE-HOMA,CETE-LEMA,CETE-MEEL,CETE-MEPO,CETE-PLCO,CETE-POMA,CETE-RAPE,CETE-SCLA,CETE-SOAS,CETE-SPRU,CETE-SUSP,focal-neighbour-HOMA,focal-neighbour-LEMA,focal-neighbour-MEEL,focal-neighbour-MEPO,focal-neighbour-PLCO,focal-neighbour-POMA,focal-neighbour-RAPE,focal-neighbour-SCLA,focal-neighbour-SOAS,focal-neighbour-SPRU,focal-neighbour-SUSP,HOMA-LEMA,HOMA-MEEL,HOMA-MEPO,HOMA-PLCO,HOMA-POMA,HOMA-RAPE,HOMA-SCLA,HOMA-SOAS,HOMA-SPRU,HOMA-SUSP,LEMA-MEEL,LEMA-MEPO,LEMA-PLCO,LEMA-POMA,LEMA-RAPE,LEMA-SCLA,LEMA-SOAS,LEMA-SPRU,LEMA-SUSP,MEEL-MEPO,MEEL-PLCO,MEEL-POMA,MEEL-RAPE,MEEL-SCLA,MEEL-SOAS,MEEL-SPRU,MEEL-SUSP,MEPO-PLCO,MEPO-POMA,MEPO-RAPE,MEPO-SCLA,MEPO-SOAS,MEPO-SPRU,MEPO-SUSP,PLCO-POMA,PLCO-RAPE,PLCO-SCLA,PLCO-SOAS,PLCO-SPRU,PLCO-SUSP,POMA-RAPE,POMA-SCLA,POMA-SOAS,POMA-SPRU,POMA-SUSP,RAPE-SCLA,RAPE-SOAS,RAPE-SPRU,RAPE-SUSP,SCLA-SOAS,SCLA-SPRU,SCLA-SUSP,SOAS-SPRU,SOAS-SUSP,SPRU-SUSP",8,"Cochlicella-barbara,Colias-crocea-larva,Conocephalus-dorsalis,Gastropoda,Lasiocampa-trifolii-larva,Miridae,Pentatomidae,Theba-pisana",19,"HOMA-Cochlicella-barbara,HOMA-Colias-crocea-larva,HOMA-Lasiocampa-trifolii-larva,HOMA-Miridae,LEMA-Cochlicella-barbara,LEMA-Colias-crocea-larva,LEMA-Lasiocampa-trifolii-larva,LEMA-Miridae,PLCO-Lasiocampa-trifolii-larva,RAPE-Miridae,RAPE-Pentatomidae,RAPE-Theba-pisana,focal-neighbour-Cochlicella-barbara,focal-neighbour-Colias-crocea-larva,focal-neighbour-Conocephalus-dorsalis,focal-neighbour-Gastropoda,focal-neighbour-Lasiocampa-trifolii-larva,focal-neighbour-Miridae,focal-neighbour-Theba-pisana",19,"Andrena-spp,Apidae,Calliphoridae,Dilophus-spp,Diplazon-spp,Diptera,Empididae,Episyrphus-balteatus,Eristalis-similis,Eupeodes-corollae,Hymenoptera,Lomatia-spp,Meligethes-spp,Musca-spp,Odontomyia-spp,Psilothrix-viridicoerulea,Scaeva-spp,Sphaerophoria-scripta,Ulidiidae-sp-wings-with-pattern",78,"CETE-Dilophus-spp,CETE-Diptera,CETE-Eristalis-similis,HOMA-Andrena-spp,HOMA-Apidae,HOMA-Dilophus-spp,HOMA-Diptera,HOMA-Empididae,HOMA-Episyrphus-balteatus,HOMA-Eristalis-similis,HOMA-Eupeodes-corollae,HOMA-Hymenoptera,HOMA-Lomatia-spp,HOMA-Meligethes-spp,HOMA-Psilothrix-viridicoerulea,HOMA-Scaeva-spp,HOMA-Sphaerophoria-scripta,LEMA-Andrena-spp,LEMA-Apidae,LEMA-Dilophus-spp,LEMA-Diptera,LEMA-Empididae,LEMA-Episyrphus-balteatus,LEMA-Eristalis-similis,LEMA-Eupeodes-corollae,LEMA-Lomatia-spp,LEMA-Meligethes-spp,LEMA-Psilothrix-viridicoerulea,LEMA-Scaeva-spp,LEMA-Sphaerophoria-scripta,MEEL-Andrena-spp,MEEL-Apidae,MEEL-Dilophus-spp,MEEL-Diptera,MEEL-Empididae,MEEL-Episyrphus-balteatus,MEEL-Eupeodes-corollae,MEEL-Scaeva-spp,MEEL-Sphaerophoria-scripta,PLCO-Dilophus-spp,PLCO-Diptera,PLCO-Episyrphus-balteatus,PLCO-Lomatia-spp,PLCO-Sphaerophoria-scripta,POMA-Dilophus-spp,POMA-Empididae,RAPE-Andrena-spp,RAPE-Apidae,RAPE-Dilophus-spp,RAPE-Diptera,RAPE-Empididae,RAPE-Odontomyia-spp,SCLA-Dilophus-spp,SOAS-Dilophus-spp,SOAS-Diptera,SOAS-Episyrphus-balteatus,SOAS-Eristalis-similis,SOAS-Scaeva-spp,SPRU-Dilophus-spp,focal-neighbour-Andrena-spp,focal-neighbour-Apidae,focal-neighbour-Calliphoridae,focal-neighbour-Dilophus-spp,focal-neighbour-Diplazon-spp,focal-neighbour-Diptera,focal-neighbour-Empididae,focal-neighbour-Episyrphus-balteatus,focal-neighbour-Eristalis-similis,focal-neighbour-Eupeodes-corollae,focal-neighbour-Hymenoptera,focal-neighbour-Lomatia-spp,focal-neighbour-Meligethes-spp,focal-neighbour-Musca-spp,focal-neighbour-Odontomyia-spp,focal-neighbour-Psilothrix-viridicoerulea,focal-neighbour-Scaeva-spp,focal-neighbour-Sphaerophoria-scripta,focal-neighbour-Ulidiidae-sp-wings-with-pattern",1,LEMA,0,0,0,0,0,NA,NA,NA,NA,NA
13,CHFU,2020,group,2,"Forb,Grass",3,"Forb-Grass,Forb-CHFU,Grass-CHFU",4,"beetle,grasshopper,snail,trip",10,"Forb-beetle,Forb-grasshopper,Forb-snail,Forb-trip,Grass-beetle,Grass-snail,CHFU-beetle,CHFU-grasshopper,CHFU-snail,CHFU-trip",2,"bee,fly",6,"Forb-bee,Forb-fly,Grass-bee,Grass-fly,CHFU-bee,CHFU-fly",1,Grass,0,0,0,0,0,NA,NA,NA,NA,NA
14,CHFU,2020,family,9,"Amaranthaceae,Asteraceae,Brassicaceae,Caryophyllaceae,Fabaceae,Gentianaceae,Plantaginaceae,Poaceae,Primulacea",45,"Amaranthaceae-Asteraceae,Amaranthaceae-Brassicaceae,Amaranthaceae-Caryophyllaceae,Amaranthaceae-Fabaceae,Amaranthaceae-Gentianaceae,Amaranthaceae-Plantaginaceae,Amaranthaceae-Poaceae,Amaranthaceae-Primulacea,Amaranthaceae-CHFU,Asteraceae-Brassicaceae,Asteraceae-Caryophyllaceae,Asteraceae-Fabaceae,Asteraceae-Gentianaceae,Asteraceae-Plantaginaceae,Asteraceae-Poaceae,Asteraceae-Primulacea,Asteraceae-CHFU,Brassicaceae-Caryophyllaceae,Brassicaceae-Fabaceae,Brassicaceae-Gentianaceae,Brassicaceae-Plantaginaceae,Brassicaceae-Poaceae,Brassicaceae-Primulacea,Brassicaceae-CHFU,Caryophyllaceae-Fabaceae,Caryophyllaceae-Gentianaceae,Caryophyllaceae-Plantaginaceae,Caryophyllaceae-Poaceae,Caryophyllaceae-Primulacea,Caryophyllaceae-CHFU,Fabaceae-Gentianaceae,Fabaceae-Plantaginaceae,Fabaceae-Poaceae,Fabaceae-Primulacea,Fabaceae-CHFU,Gentianaceae-Plantaginaceae,Gentianaceae-Poaceae,Gentianaceae-Primulacea,Gentianaceae-CHFU,Plantaginaceae-Poaceae,Plantaginaceae-Primulacea,Plantaginaceae-CHFU,Poaceae-Primulacea,Poaceae-CHFU,Primulacea-CHFU",6,"Curculionidae,Gryllidae,Helicidae,Lygaeidae,Miridae,Nitidulidae",23,"Amaranthaceae-Curculionidae,Amaranthaceae-Helicidae,Amaranthaceae-Lygaeidae,Amaranthaceae-Miridae,Amaranthaceae-Nitidulidae,Asteraceae-Gryllidae,Asteraceae-Helicidae,Asteraceae-Lygaeidae,Asteraceae-Miridae,Asteraceae-Nitidulidae,Gentianaceae-Gryllidae,Gentianaceae-Helicidae,Gentianaceae-Lygaeidae,Gentianaceae-Miridae,Poaceae-Curculionidae,Poaceae-Helicidae,Poaceae-Lygaeidae,Poaceae-Miridae,Poaceae-Nitidulidae,CHFU-Gryllidae,CHFU-Helicidae,CHFU-Lygaeidae,CHFU-Miridae",9,"Andrenidae,Apidae,Bibionidae,Empididae,Muscidae,Sarcophagidae,Syrphidae,Tachinidae,Ulidiidae",40,"Amaranthaceae-Andrenidae,Amaranthaceae-Apidae,Amaranthaceae-Empididae,Amaranthaceae-Muscidae,Amaranthaceae-Syrphidae,Amaranthaceae-Ulidiidae,Asteraceae-Andrenidae,Asteraceae-Apidae,Asteraceae-Bibionidae,Asteraceae-Empididae,Asteraceae-Muscidae,Asteraceae-Sarcophagidae,Asteraceae-Syrphidae,Asteraceae-Ulidiidae,Caryophyllaceae-Andrenidae,Caryophyllaceae-Muscidae,Caryophyllaceae-Ulidiidae,Fabaceae-Andrenidae,Fabaceae-Syrphidae,Fabaceae-Ulidiidae,Gentianaceae-Andrenidae,Gentianaceae-Apidae,Gentianaceae-Muscidae,Gentianaceae-Ulidiidae,Plantaginaceae-Andrenidae,Plantaginaceae-Muscidae,Plantaginaceae-Syrphidae,Plantaginaceae-Ulidiidae,Poaceae-Andrenidae,Poaceae-Bibionidae,Poaceae-Muscidae,Poaceae-Sarcophagidae,Poaceae-Syrphidae,Poaceae-Ulidiidae,CHFU-Andrenidae,CHFU-Bibionidae,CHFU-Muscidae,CHFU-Sarcophagidae,CHFU-Syrphidae,CHFU-Ulidiidae",3,"Asteraceae,Fabaceae,Poaceae",0,0,0,0,0,NA,NA,NA,NA,NA
15,CHFU,2020,species,19,"ANAR,BEMA,CETE,CHMI,COSQ,HOMA,LEMA,MEPO,MESU,PAIN,PLCO,POMA,POMO,PUPA,SASO,SCLA,SOAS,SPRU,SUSP",190,"ANAR-BEMA,ANAR-CETE,ANAR-focal-neighbour,ANAR-CHMI,ANAR-COSQ,ANAR-HOMA,ANAR-LEMA,ANAR-MEPO,ANAR-MESU,ANAR-PAIN,ANAR-PLCO,ANAR-POMA,ANAR-POMO,ANAR-PUPA,ANAR-SASO,ANAR-SCLA,ANAR-SOAS,ANAR-SPRU,ANAR-SUSP,BEMA-CETE,BEMA-focal-neighbour,BEMA-CHMI,BEMA-COSQ,BEMA-HOMA,BEMA-LEMA,BEMA-MEPO,BEMA-MESU,BEMA-PAIN,BEMA-PLCO,BEMA-POMA,BEMA-POMO,BEMA-PUPA,BEMA-SASO,BEMA-SCLA,BEMA-SOAS,BEMA-SPRU,BEMA-SUSP,CETE-focal-neighbour,CETE-CHMI,CETE-COSQ,CETE-HOMA,CETE-LEMA,CETE-MEPO,CETE-MESU,CETE-PAIN,CETE-PLCO,CETE-POMA,CETE-POMO,CETE-PUPA,CETE-SASO,CETE-SCLA,CETE-SOAS,CETE-SPRU,CETE-SUSP,focal-neighbour-CHMI,focal-neighbour-COSQ,focal-neighbour-HOMA,focal-neighbour-LEMA,focal-neighbour-MEPO,focal-neighbour-MESU,focal-neighbour-PAIN,focal-neighbour-PLCO,focal-neighbour-POMA,focal-neighbour-POMO,focal-neighbour-PUPA,focal-neighbour-SASO,focal-neighbour-SCLA,focal-neighbour-SOAS,focal-neighbour-SPRU,focal-neighbour-SUSP,CHMI-COSQ,CHMI-HOMA,CHMI-LEMA,CHMI-MEPO,CHMI-MESU,CHMI-PAIN,CHMI-PLCO,CHMI-POMA,CHMI-POMO,CHMI-PUPA,CHMI-SASO,CHMI-SCLA,CHMI-SOAS,CHMI-SPRU,CHMI-SUSP,COSQ-HOMA,COSQ-LEMA,COSQ-MEPO,COSQ-MESU,COSQ-PAIN,COSQ-PLCO,COSQ-POMA,COSQ-POMO,COSQ-PUPA,COSQ-SASO,COSQ-SCLA,COSQ-SOAS,COSQ-SPRU,COSQ-SUSP,HOMA-LEMA,HOMA-MEPO,HOMA-MESU,HOMA-PAIN,HOMA-PLCO,HOMA-POMA,HOMA-POMO,HOMA-PUPA,HOMA-SASO,HOMA-SCLA,HOMA-SOAS,HOMA-SPRU,HOMA-SUSP,LEMA-MEPO,LEMA-MESU,LEMA-PAIN,LEMA-PLCO,LEMA-POMA,LEMA-POMO,LEMA-PUPA,LEMA-SASO,LEMA-SCLA,LEMA-SOAS,LEMA-SPRU,LEMA-SUSP,MEPO-MESU,MEPO-PAIN,MEPO-PLCO,MEPO-POMA,MEPO-POMO,MEPO-PUPA,MEPO-SASO,MEPO-SCLA,MEPO-SOAS,MEPO-SPRU,MEPO-SUSP,MESU-PAIN,MESU-PLCO,MESU-POMA,MESU-POMO,MESU-PUPA,MESU-SASO,MESU-SCLA,MESU-SOAS,MESU-SPRU,MESU-SUSP,PAIN-PLCO,PAIN-POMA,PAIN-POMO,PAIN-PUPA,PAIN-SASO,PAIN-SCLA,PAIN-SOAS,PAIN-SPRU,PAIN-SUSP,PLCO-POMA,PLCO-POMO,PLCO-PUPA,PLCO-SASO,PLCO-SCLA,PLCO-SOAS,PLCO-SPRU,PLCO-SUSP,POMA-POMO,POMA-PUPA,POMA-SASO,POMA-SCLA,POMA-SOAS,POMA-SPRU,POMA-SUSP,POMO-PUPA,POMO-SASO,POMO-SCLA,POMO-SOAS,POMO-SPRU,POMO-SUSP,PUPA-SASO,PUPA-SCLA,PUPA-SOAS,PUPA-SPRU,PUPA-SUSP,SASO-SCLA,SASO-SOAS,SASO-SPRU,SASO-SUSP,SCLA-SOAS,SCLA-SPRU,SCLA-SUSP,SOAS-SPRU,SOAS-SUSP,SPRU-SUSP",8,"Brassicogethes-spp,Curculionidae,Gryllus-bimaculatus,Lygaeidae,Miridae,Oxycarenus-hyalinipennis,Theba-pisana,Thysanoptera",37,"BEMA-Curculionidae,BEMA-Lygaeidae,BEMA-Miridae,BEMA-Oxycarenus-hyalinipennis,BEMA-Theba-pisana,BEMA-Thysanoptera,CETE-Gryllus-bimaculatus,CETE-Lygaeidae,CETE-Miridae,CETE-Oxycarenus-hyalinipennis,CETE-Theba-pisana,CETE-Thysanoptera,HOMA-Curculionidae,HOMA-Theba-pisana,LEMA-Brassicogethes-spp,LEMA-Gryllus-bimaculatus,LEMA-Lygaeidae,LEMA-Miridae,LEMA-Thysanoptera,PAIN-Brassicogethes-spp,POMA-Miridae,POMA-Oxycarenus-hyalinipennis,POMA-Theba-pisana,PUPA-Thysanoptera,SASO-Brassicogethes-spp,SASO-Thysanoptera,SCLA-Thysanoptera,SOAS-Miridae,SOAS-Oxycarenus-hyalinipennis,SOAS-Theba-pisana,SOAS-Thysanoptera,focal-neighbour-Gryllus-bimaculatus,focal-neighbour-Lygaeidae,focal-neighbour-Miridae,focal-neighbour-Oxycarenus-hyalinipennis,focal-neighbour-Theba-pisana,focal-neighbour-Thysanoptera",15,"Andrena-argentata,Andrena-humilis,Andrena-spp,Cylindromyia-sp-red-color,Dilophus-spp,Diptera,Empis-spp,Eristalis-similis,Eucera-spp,Eupeodes-corollae,Musca-spp,Psilothrix-viridicoerulea,Sarcophaga-spp,Syrphidae,Ulidiidae-sp-wings-with-pattern",95,"ANAR-Psilothrix-viridicoerulea,BEMA-Andrena-argentata,BEMA-Andrena-spp,BEMA-Diptera,BEMA-Empis-spp,BEMA-Eucera-spp,BEMA-Musca-spp,BEMA-Psilothrix-viridicoerulea,BEMA-Syrphidae,BEMA-Ulidiidae-sp-wings-with-pattern,CETE-Andrena-argentata,CETE-Andrena-spp,CETE-Diptera,CETE-Eucera-spp,CETE-Musca-spp,CETE-Psilothrix-viridicoerulea,CETE-Ulidiidae-sp-wings-with-pattern,CHMI-Ulidiidae-sp-wings-with-pattern,HOMA-Dilophus-spp,HOMA-Diptera,HOMA-Musca-spp,HOMA-Psilothrix-viridicoerulea,HOMA-Ulidiidae-sp-wings-with-pattern,LEMA-Andrena-spp,LEMA-Dilophus-spp,LEMA-Diptera,LEMA-Empis-spp,LEMA-Eucera-spp,LEMA-Eupeodes-corollae,LEMA-Musca-spp,LEMA-Psilothrix-viridicoerulea,LEMA-Sarcophaga-spp,LEMA-Syrphidae,LEMA-Ulidiidae-sp-wings-with-pattern,MESU-Andrena-spp,MESU-Diptera,MESU-Syrphidae,MESU-Ulidiidae-sp-wings-with-pattern,PAIN-Andrena-argentata,PAIN-Andrena-spp,PAIN-Musca-spp,PAIN-Psilothrix-viridicoerulea,PAIN-Syrphidae,PAIN-Ulidiidae-sp-wings-with-pattern,PLCO-Andrena-spp,PLCO-Diptera,PLCO-Eupeodes-corollae,PLCO-Musca-spp,PLCO-Psilothrix-viridicoerulea,PLCO-Syrphidae,PLCO-Ulidiidae-sp-wings-with-pattern,POMA-Andrena-argentata,POMA-Andrena-spp,POMA-Dilophus-spp,POMA-Diptera,POMA-Musca-spp,POMA-Psilothrix-viridicoerulea,POMA-Sarcophaga-spp,POMA-Ulidiidae-sp-wings-with-pattern,POMO-Diptera,POMO-Ulidiidae-sp-wings-with-pattern,PUPA-Diptera,PUPA-Eupeodes-corollae,PUPA-Musca-spp,PUPA-Psilothrix-viridicoerulea,PUPA-Ulidiidae-sp-wings-with-pattern,SASO-Andrena-spp,SASO-Diptera,SASO-Musca-spp,SASO-Ulidiidae-sp-wings-with-pattern,SCLA-Musca-spp,SCLA-Psilothrix-viridicoerulea,SCLA-Sarcophaga-spp,SCLA-Ulidiidae-sp-wings-with-pattern,SOAS-Andrena-argentata,SOAS-Andrena-spp,SOAS-Diptera,SOAS-Musca-spp,SOAS-Psilothrix-viridicoerulea,SOAS-Ulidiidae-sp-wings-with-pattern,SPRU-Andrena-spp,SPRU-Diptera,SPRU-Musca-spp,SPRU-Psilothrix-viridicoerulea,SPRU-Ulidiidae-sp-wings-with-pattern,SUSP-Andrena-spp,focal-neighbour-Andrena-argentata,focal-neighbour-Andrena-spp,focal-neighbour-Dilophus-spp,focal-neighbour-Diptera,focal-neighbour-Musca-spp,focal-neighbour-Psilothrix-viridicoerulea,focal-neighbour-Sarcophaga-spp,focal-neighbour-Syrphidae,focal-neighbour-Ulidiidae-sp-wings-with-pattern",1,LEMA,0,0,0,0,0,NA,NA,NA,NA,NA
16,CHFU,2021,group,2,"Forb,Grass",3,"Forb-Grass,Forb-CHFU,Grass-CHFU",2,"snail,trip",4,"Forb-snail,Forb-trip,Grass-trip,CHFU-trip",2,"bee,fly",6,"Forb-bee,Forb-fly,Grass-bee,Grass-fly,CHFU-bee,CHFU-fly",0,NA,0,0,0,0,0,NA,NA,NA,NA,NA
17,CHFU,2021,family,8,"Amaranthaceae,Asteraceae,Caryophyllaceae,Fabaceae,Gentianaceae,Plantaginaceae,Poaceae,Primulacea",36,"Amaranthaceae-Asteraceae,Amaranthaceae-Caryophyllaceae,Amaranthaceae-Fabaceae,Amaranthaceae-Gentianaceae,Amaranthaceae-Plantaginaceae,Amaranthaceae-Poaceae,Amaranthaceae-Primulacea,Amaranthaceae-CHFU,Asteraceae-Caryophyllaceae,Asteraceae-Fabaceae,Asteraceae-Gentianaceae,Asteraceae-Plantaginaceae,Asteraceae-Poaceae,Asteraceae-Primulacea,Asteraceae-CHFU,Caryophyllaceae-Fabaceae,Caryophyllaceae-Gentianaceae,Caryophyllaceae-Plantaginaceae,Caryophyllaceae-Poaceae,Caryophyllaceae-Primulacea,Caryophyllaceae-CHFU,Fabaceae-Gentianaceae,Fabaceae-Plantaginaceae,Fabaceae-Poaceae,Fabaceae-Primulacea,Fabaceae-CHFU,Gentianaceae-Plantaginaceae,Gentianaceae-Poaceae,Gentianaceae-Primulacea,Gentianaceae-CHFU,Plantaginaceae-Poaceae,Plantaginaceae-Primulacea,Plantaginaceae-CHFU,Poaceae-Primulacea,Poaceae-CHFU,Primulacea-CHFU",2,"Aphididae,Helicidae",8,"Asteraceae-Aphididae,Asteraceae-Helicidae,Fabaceae-Aphididae,Gentianaceae-Aphididae,Gentianaceae-Helicidae,Plantaginaceae-Helicidae,Poaceae-Aphididae,CHFU-Aphididae",9,"Bibionidae,Bombyliidae,Halictidae,Muscidae,Sarcophagidae,Stratiomyidae,Syrphidae,Tachinidae,Ulidiidae",51,"Amaranthaceae-Muscidae,Amaranthaceae-Syrphidae,Amaranthaceae-Tachinidae,Amaranthaceae-Ulidiidae,Asteraceae-Bibionidae,Asteraceae-Bombyliidae,Asteraceae-Halictidae,Asteraceae-Muscidae,Asteraceae-Sarcophagidae,Asteraceae-Stratiomyidae,Asteraceae-Syrphidae,Asteraceae-Tachinidae,Asteraceae-Ulidiidae,Caryophyllaceae-Sarcophagidae,Caryophyllaceae-Ulidiidae,Fabaceae-Bibionidae,Fabaceae-Muscidae,Fabaceae-Sarcophagidae,Fabaceae-Stratiomyidae,Fabaceae-Syrphidae,Fabaceae-Ulidiidae,Gentianaceae-Bibionidae,Gentianaceae-Bombyliidae,Gentianaceae-Muscidae,Gentianaceae-Sarcophagidae,Gentianaceae-Stratiomyidae,Gentianaceae-Syrphidae,Gentianaceae-Tachinidae,Gentianaceae-Ulidiidae,Plantaginaceae-Bibionidae,Plantaginaceae-Bombyliidae,Plantaginaceae-Muscidae,Plantaginaceae-Sarcophagidae,Plantaginaceae-Stratiomyidae,Plantaginaceae-Syrphidae,Plantaginaceae-Tachinidae,Plantaginaceae-Ulidiidae,Poaceae-Bibionidae,Poaceae-Muscidae,Poaceae-Sarcophagidae,Poaceae-Stratiomyidae,Poaceae-Syrphidae,Poaceae-Tachinidae,Poaceae-Ulidiidae,Primulacea-Ulidiidae,CHFU-Bombyliidae,CHFU-Sarcophagidae,CHFU-Stratiomyidae,CHFU-Syrphidae,CHFU-Tachinidae,CHFU-Ulidiidae",0,NA,0,0,0,0,0,NA,NA,NA,NA,NA
18,CHFU,2021,species,17,"ANAR,BEMA,CETE,CHMI,HOMA,LEMA,MEPO,MESU,PAIN,PLCO,POMA,POMO,SASO,SCLA,SOAS,SPRU,SUSP",153,"ANAR-BEMA,ANAR-CETE,ANAR-focal-neighbour,ANAR-CHMI,ANAR-HOMA,ANAR-LEMA,ANAR-MEPO,ANAR-MESU,ANAR-PAIN,ANAR-PLCO,ANAR-POMA,ANAR-POMO,ANAR-SASO,ANAR-SCLA,ANAR-SOAS,ANAR-SPRU,ANAR-SUSP,BEMA-CETE,BEMA-focal-neighbour,BEMA-CHMI,BEMA-HOMA,BEMA-LEMA,BEMA-MEPO,BEMA-MESU,BEMA-PAIN,BEMA-PLCO,BEMA-POMA,BEMA-POMO,BEMA-SASO,BEMA-SCLA,BEMA-SOAS,BEMA-SPRU,BEMA-SUSP,CETE-focal-neighbour,CETE-CHMI,CETE-HOMA,CETE-LEMA,CETE-MEPO,CETE-MESU,CETE-PAIN,CETE-PLCO,CETE-POMA,CETE-POMO,CETE-SASO,CETE-SCLA,CETE-SOAS,CETE-SPRU,CETE-SUSP,focal-neighbour-CHMI,focal-neighbour-HOMA,focal-neighbour-LEMA,focal-neighbour-MEPO,focal-neighbour-MESU,focal-neighbour-PAIN,focal-neighbour-PLCO,focal-neighbour-POMA,focal-neighbour-POMO,focal-neighbour-SASO,focal-neighbour-SCLA,focal-neighbour-SOAS,focal-neighbour-SPRU,focal-neighbour-SUSP,CHMI-HOMA,CHMI-LEMA,CHMI-MEPO,CHMI-MESU,CHMI-PAIN,CHMI-PLCO,CHMI-POMA,CHMI-POMO,CHMI-SASO,CHMI-SCLA,CHMI-SOAS,CHMI-SPRU,CHMI-SUSP,HOMA-LEMA,HOMA-MEPO,HOMA-MESU,HOMA-PAIN,HOMA-PLCO,HOMA-POMA,HOMA-POMO,HOMA-SASO,HOMA-SCLA,HOMA-SOAS,HOMA-SPRU,HOMA-SUSP,LEMA-MEPO,LEMA-MESU,LEMA-PAIN,LEMA-PLCO,LEMA-POMA,LEMA-POMO,LEMA-SASO,LEMA-SCLA,LEMA-SOAS,LEMA-SPRU,LEMA-SUSP,MEPO-MESU,MEPO-PAIN,MEPO-PLCO,MEPO-POMA,MEPO-POMO,MEPO-SASO,MEPO-SCLA,MEPO-SOAS,MEPO-SPRU,MEPO-SUSP,MESU-PAIN,MESU-PLCO,MESU-POMA,MESU-POMO,MESU-SASO,MESU-SCLA,MESU-SOAS,MESU-SPRU,MESU-SUSP,PAIN-PLCO,PAIN-POMA,PAIN-POMO,PAIN-SASO,PAIN-SCLA,PAIN-SOAS,PAIN-SPRU,PAIN-SUSP,PLCO-POMA,PLCO-POMO,PLCO-SASO,PLCO-SCLA,PLCO-SOAS,PLCO-SPRU,PLCO-SUSP,POMA-POMO,POMA-SASO,POMA-SCLA,POMA-SOAS,POMA-SPRU,POMA-SUSP,POMO-SASO,POMO-SCLA,POMO-SOAS,POMO-SPRU,POMO-SUSP,SASO-SCLA,SASO-SOAS,SASO-SPRU,SASO-SUSP,SCLA-SOAS,SCLA-SPRU,SCLA-SUSP,SOAS-SPRU,SOAS-SUSP,SPRU-SUSP",3,"Aphis-fabae,Theba-pisana,Thysanoptera",22,"BEMA-Thysanoptera,CETE-Aphis-fabae,CETE-Theba-pisana,CETE-Thysanoptera,HOMA-Aphis-fabae,LEMA-Aphis-fabae,LEMA-Theba-pisana,LEMA-Thysanoptera,MESU-Aphis-fabae,MESU-Thysanoptera,PAIN-Aphis-fabae,PAIN-Thysanoptera,PLCO-Theba-pisana,PLCO-Thysanoptera,POMA-Thysanoptera,SCLA-Aphis-fabae,SCLA-Theba-pisana,SCLA-Thysanoptera,SOAS-Aphis-fabae,SOAS-Thysanoptera,focal-neighbour-Aphis-fabae,focal-neighbour-Thysanoptera",15,"Bibionidae,Bombyliidae,Diptera,Episyrphus-balteatus,Eristalis-similis,Eupeodes-corollae,Halictidae,Hymenoptera,Musca-spp,Odontomyia-spp,Sarcophaga-spp,Sphaerophoria-scripta,Syrphidae,Tachinidae,Ulidiidae-sp-wings-with-pattern",115,"ANAR-Diptera,ANAR-Hymenoptera,ANAR-Ulidiidae-sp-wings-with-pattern,BEMA-Diptera,BEMA-Episyrphus-balteatus,BEMA-Musca-spp,BEMA-Syrphidae,BEMA-Tachinidae,BEMA-Ulidiidae-sp-wings-with-pattern,CETE-Bibionidae,CETE-Bombyliidae,CETE-Diptera,CETE-Episyrphus-balteatus,CETE-Hymenoptera,CETE-Musca-spp,CETE-Odontomyia-spp,CETE-Sarcophaga-spp,CETE-Syrphidae,CETE-Tachinidae,CETE-Ulidiidae-sp-wings-with-pattern,CHMI-Diptera,HOMA-Bibionidae,HOMA-Diptera,HOMA-Episyrphus-balteatus,HOMA-Hymenoptera,HOMA-Musca-spp,HOMA-Odontomyia-spp,HOMA-Sarcophaga-spp,HOMA-Sphaerophoria-scripta,HOMA-Syrphidae,HOMA-Tachinidae,HOMA-Ulidiidae-sp-wings-with-pattern,LEMA-Bibionidae,LEMA-Bombyliidae,LEMA-Diptera,LEMA-Eristalis-similis,LEMA-Hymenoptera,LEMA-Musca-spp,LEMA-Odontomyia-spp,LEMA-Sarcophaga-spp,LEMA-Sphaerophoria-scripta,LEMA-Syrphidae,LEMA-Tachinidae,LEMA-Ulidiidae-sp-wings-with-pattern,MEPO-Diptera,MEPO-Sarcophaga-spp,MESU-Bibionidae,MESU-Diptera,MESU-Episyrphus-balteatus,MESU-Hymenoptera,MESU-Musca-spp,MESU-Odontomyia-spp,MESU-Sarcophaga-spp,MESU-Sphaerophoria-scripta,MESU-Ulidiidae-sp-wings-with-pattern,PAIN-Bibionidae,PAIN-Diptera,PAIN-Hymenoptera,PAIN-Sarcophaga-spp,PAIN-Ulidiidae-sp-wings-with-pattern,PLCO-Bibionidae,PLCO-Bombyliidae,PLCO-Diptera,PLCO-Episyrphus-balteatus,PLCO-Eupeodes-corollae,PLCO-Hymenoptera,PLCO-Musca-spp,PLCO-Odontomyia-spp,PLCO-Sarcophaga-spp,PLCO-Syrphidae,PLCO-Tachinidae,PLCO-Ulidiidae-sp-wings-with-pattern,POMA-Bibionidae,POMA-Diptera,POMA-Episyrphus-balteatus,POMA-Hymenoptera,POMA-Musca-spp,POMA-Odontomyia-spp,POMA-Sarcophaga-spp,POMA-Sphaerophoria-scripta,POMA-Tachinidae,POMA-Ulidiidae-sp-wings-with-pattern,POMO-Diptera,SASO-Diptera,SCLA-Diptera,SCLA-Halictidae,SOAS-Bibionidae,SOAS-Bombyliidae,SOAS-Diptera,SOAS-Episyrphus-balteatus,SOAS-Eristalis-similis,SOAS-Halictidae,SOAS-Hymenoptera,SOAS-Musca-spp,SOAS-Odontomyia-spp,SOAS-Sarcophaga-spp,SOAS-Syrphidae,SOAS-Ulidiidae-sp-wings-with-pattern,SPRU-Diptera,SPRU-Hymenoptera,SPRU-Sarcophaga-spp,SPRU-Ulidiidae-sp-wings-with-pattern,SUSP-Diptera,SUSP-Ulidiidae-sp-wings-with-pattern,focal-neighbour-Bombyliidae,focal-neighbour-Diptera,focal-neighbour-Episyrphus-balteatus,focal-neighbour-Eristalis-similis,focal-neighbour-Eupeodes-corollae,focal-neighbour-Hymenoptera,focal-neighbour-Odontomyia-spp,focal-neighbour-Sarcophaga-spp,focal-neighbour-Syrphidae,focal-neighbour-Tachinidae,focal-neighbour-Ulidiidae-sp-wings-with-pattern",0,NA,0,0,0,0,0,NA,NA,NA,NA,NA
19,HOMA,2019,group,2,"Forb,Grass",3,"Forb-Grass,Forb-HOMA,Grass-HOMA",4,"beetle,caterpillar,grasshopper,snail",12,"Forb-beetle,Forb-caterpillar,Forb-grasshopper,Forb-snail,Grass-beetle,Grass-caterpillar,Grass-grasshopper,Grass-snail,HOMA-beetle,HOMA-caterpillar,HOMA-grasshopper,HOMA-snail",NA,NA,NA,NA,0,NA,NA,0,0,0,NA,NA,NA,NA,NA,NA
20,HOMA,2019,family,7,"Amaranthaceae,Asteraceae,Caryophyllaceae,Fabaceae,Gentianaceae,Plantaginaceae,Poaceae",28,"Amaranthaceae-Asteraceae,Amaranthaceae-Caryophyllaceae,Amaranthaceae-Fabaceae,Amaranthaceae-Gentianaceae,Amaranthaceae-Plantaginaceae,Amaranthaceae-Poaceae,Amaranthaceae-HOMA,Asteraceae-Caryophyllaceae,Asteraceae-Fabaceae,Asteraceae-Gentianaceae,Asteraceae-Plantaginaceae,Asteraceae-Poaceae,Asteraceae-HOMA,Caryophyllaceae-Fabaceae,Caryophyllaceae-Gentianaceae,Caryophyllaceae-Plantaginaceae,Caryophyllaceae-Poaceae,Caryophyllaceae-HOMA,Fabaceae-Gentianaceae,Fabaceae-Plantaginaceae,Fabaceae-Poaceae,Fabaceae-HOMA,Gentianaceae-Plantaginaceae,Gentianaceae-Poaceae,Gentianaceae-HOMA,Plantaginaceae-Poaceae,Plantaginaceae-HOMA,Poaceae-HOMA",12,"Acrididae,Aphididae,Aphrophoridae,Cercopoidea,Coccinellidae,Geomitridae,Gryllidae,Helicidae,Miridae,Nitidulidae,Pentatomidae,Tettigoniidae",54,"Amaranthaceae-Geomitridae,Amaranthaceae-Helicidae,Asteraceae-Acrididae,Asteraceae-Aphididae,Asteraceae-Aphrophoridae,Asteraceae-Geomitridae,Asteraceae-Gryllidae,Asteraceae-Helicidae,Asteraceae-Miridae,Asteraceae-Nitidulidae,Asteraceae-Pentatomidae,Asteraceae-Tettigoniidae,Caryophyllaceae-Acrididae,Caryophyllaceae-Geomitridae,Caryophyllaceae-Helicidae,Caryophyllaceae-Tettigoniidae,Fabaceae-Acrididae,Fabaceae-Cercopoidea,Fabaceae-Geomitridae,Fabaceae-Gryllidae,Fabaceae-Helicidae,Fabaceae-Nitidulidae,Fabaceae-Pentatomidae,Fabaceae-Tettigoniidae,Gentianaceae-Geomitridae,Gentianaceae-Helicidae,Plantaginaceae-Acrididae,Plantaginaceae-Aphrophoridae,Plantaginaceae-Geomitridae,Plantaginaceae-Helicidae,Plantaginaceae-Pentatomidae,Plantaginaceae-Tettigoniidae,Poaceae-Acrididae,Poaceae-Aphididae,Poaceae-Aphrophoridae,Poaceae-Geomitridae,Poaceae-Gryllidae,Poaceae-Helicidae,Poaceae-Miridae,Poaceae-Nitidulidae,Poaceae-Pentatomidae,Poaceae-Tettigoniidae,HOMA-Acrididae,HOMA-Aphididae,HOMA-Aphrophoridae,HOMA-Cercopoidea,HOMA-Coccinellidae,HOMA-Geomitridae,HOMA-Gryllidae,HOMA-Helicidae,HOMA-Miridae,HOMA-Nitidulidae,HOMA-Pentatomidae,HOMA-Tettigoniidae",NA,NA,NA,NA,0,NA,NA,0,0,0,NA,NA,NA,NA,NA,NA
21,HOMA,2019,species,12,"BEMA,CETE,CHFU,LEMA,MEEL,MESU,PAIN,PLCO,POMA,POMO,SOAS,SPRU",78,"BEMA-CETE,BEMA-CHFU,BEMA-focal-neighbour,BEMA-LEMA,BEMA-MEEL,BEMA-MESU,BEMA-PAIN,BEMA-PLCO,BEMA-POMA,BEMA-POMO,BEMA-SOAS,BEMA-SPRU,CETE-CHFU,CETE-focal-neighbour,CETE-LEMA,CETE-MEEL,CETE-MESU,CETE-PAIN,CETE-PLCO,CETE-POMA,CETE-POMO,CETE-SOAS,CETE-SPRU,CHFU-focal-neighbour,CHFU-LEMA,CHFU-MEEL,CHFU-MESU,CHFU-PAIN,CHFU-PLCO,CHFU-POMA,CHFU-POMO,CHFU-SOAS,CHFU-SPRU,focal-neighbour-LEMA,focal-neighbour-MEEL,focal-neighbour-MESU,focal-neighbour-PAIN,focal-neighbour-PLCO,focal-neighbour-POMA,focal-neighbour-POMO,focal-neighbour-SOAS,focal-neighbour-SPRU,LEMA-MEEL,LEMA-MESU,LEMA-PAIN,LEMA-PLCO,LEMA-POMA,LEMA-POMO,LEMA-SOAS,LEMA-SPRU,MEEL-MESU,MEEL-PAIN,MEEL-PLCO,MEEL-POMA,MEEL-POMO,MEEL-SOAS,MEEL-SPRU,MESU-PAIN,MESU-PLCO,MESU-POMA,MESU-POMO,MESU-SOAS,MESU-SPRU,PAIN-PLCO,PAIN-POMA,PAIN-POMO,PAIN-SOAS,PAIN-SPRU,PLCO-POMA,PLCO-POMO,PLCO-SOAS,PLCO-SPRU,POMA-POMO,POMA-SOAS,POMA-SPRU,POMO-SOAS,POMO-SPRU,SOAS-SPRU",20,"Aelia-spp,Aiolopus-strepens,Aphis-fabae,Brassicogethes-spp,Cercopoidea,Cochlicella-barbara,Colias-crocea-larva,Conocephalus-dorsalis,Dociostaurus-jagoi,Gastropoda,Gryllus-bimaculatus,Lasiocampa-trifolii-larva,Lepidoptera-larva,Miridae,Orthoptera,Otala-lactea,Pentatomidae,Philaenus-spumarius,Tessellana-tessellata,Theba-pisana",104,"BEMA-Cochlicella-barbara,BEMA-Theba-pisana,CETE-Cochlicella-barbara,CETE-Theba-pisana,CHFU-Cochlicella-barbara,CHFU-Gastropoda,CHFU-Lepidoptera-larva,CHFU-Miridae,CHFU-Theba-pisana,LEMA-Aelia-spp,LEMA-Aiolopus-strepens,LEMA-Aphis-fabae,LEMA-Brassicogethes-spp,LEMA-Cochlicella-barbara,LEMA-Colias-crocea-larva,LEMA-Conocephalus-dorsalis,LEMA-Dociostaurus-jagoi,LEMA-Gastropoda,LEMA-Gryllus-bimaculatus,LEMA-Lasiocampa-trifolii-larva,LEMA-Lepidoptera-larva,LEMA-Miridae,LEMA-Orthoptera,LEMA-Otala-lactea,LEMA-Pentatomidae,LEMA-Philaenus-spumarius,LEMA-Tessellana-tessellata,LEMA-Theba-pisana,MEEL-Brassicogethes-spp,MEEL-Cochlicella-barbara,MEEL-Conocephalus-dorsalis,MEEL-Gryllus-bimaculatus,MEEL-Lasiocampa-trifolii-larva,MEEL-Orthoptera,MEEL-Otala-lactea,MEEL-Tessellana-tessellata,MEEL-Theba-pisana,MESU-Aelia-spp,MESU-Aiolopus-strepens,MESU-Brassicogethes-spp,MESU-Cercopoidea,MESU-Cochlicella-barbara,MESU-Gryllus-bimaculatus,MESU-Lasiocampa-trifolii-larva,MESU-Orthoptera,MESU-Otala-lactea,MESU-Pentatomidae,MESU-Tessellana-tessellata,MESU-Theba-pisana,PAIN-Cochlicella-barbara,PLCO-Aelia-spp,PLCO-Aiolopus-strepens,PLCO-Cochlicella-barbara,PLCO-Conocephalus-dorsalis,PLCO-Orthoptera,PLCO-Pentatomidae,PLCO-Philaenus-spumarius,PLCO-Tessellana-tessellata,PLCO-Theba-pisana,POMA-Aelia-spp,POMA-Aiolopus-strepens,POMA-Aphis-fabae,POMA-Brassicogethes-spp,POMA-Cochlicella-barbara,POMA-Conocephalus-dorsalis,POMA-Gastropoda,POMA-Gryllus-bimaculatus,POMA-Lasiocampa-trifolii-larva,POMA-Lepidoptera-larva,POMA-Miridae,POMA-Orthoptera,POMA-Otala-lactea,POMA-Pentatomidae,POMA-Philaenus-spumarius,POMA-Tessellana-tessellata,POMA-Theba-pisana,POMO-Cochlicella-barbara,POMO-Gastropoda,POMO-Theba-pisana,SPRU-Aiolopus-strepens,SPRU-Cochlicella-barbara,SPRU-Conocephalus-dorsalis,SPRU-Orthoptera,SPRU-Theba-pisana,focal-neighbour-Aelia-spp,focal-neighbour-Aiolopus-strepens,focal-neighbour-Aphis-fabae,focal-neighbour-Brassicogethes-spp,focal-neighbour-Cercopoidea,focal-neighbour-Cochlicella-barbara,focal-neighbour-Colias-crocea-larva,focal-neighbour-Conocephalus-dorsalis,focal-neighbour-Dociostaurus-jagoi,focal-neighbour-Gastropoda,focal-neighbour-Gryllus-bimaculatus,focal-neighbour-Lasiocampa-trifolii-larva,focal-neighbour-Lepidoptera-larva,focal-neighbour-Miridae,focal-neighbour-Orthoptera,focal-neighbour-Otala-lactea,focal-neighbour-Pentatomidae,focal-neighbour-Philaenus-spumarius,focal-neighbour-Tessellana-tessellata,focal-neighbour-Theba-pisana",NA,NA,NA,NA,0,NA,NA,0,0,0,NA,NA,NA,NA,NA,NA
22,HOMA,2020,group,2,"Forb,Grass",3,"Forb-Grass,Forb-HOMA,Grass-HOMA",4,"beetle,caterpillar,grasshopper,snail",12,"Forb-beetle,Forb-caterpillar,Forb-grasshopper,Forb-snail,Grass-beetle,Grass-caterpillar,Grass-grasshopper,Grass-snail,HOMA-beetle,HOMA-caterpillar,HOMA-grasshopper,HOMA-snail",NA,NA,NA,NA,0,NA,NA,0,0,0,NA,NA,NA,NA,NA,NA
23,HOMA,2020,family,7,"Amaranthaceae,Asteraceae,Caryophyllaceae,Fabaceae,Gentianaceae,Plantaginaceae,Poaceae",28,"Amaranthaceae-Asteraceae,Amaranthaceae-Caryophyllaceae,Amaranthaceae-Fabaceae,Amaranthaceae-Gentianaceae,Amaranthaceae-Plantaginaceae,Amaranthaceae-Poaceae,Amaranthaceae-HOMA,Asteraceae-Caryophyllaceae,Asteraceae-Fabaceae,Asteraceae-Gentianaceae,Asteraceae-Plantaginaceae,Asteraceae-Poaceae,Asteraceae-HOMA,Caryophyllaceae-Fabaceae,Caryophyllaceae-Gentianaceae,Caryophyllaceae-Plantaginaceae,Caryophyllaceae-Poaceae,Caryophyllaceae-HOMA,Fabaceae-Gentianaceae,Fabaceae-Plantaginaceae,Fabaceae-Poaceae,Fabaceae-HOMA,Gentianaceae-Plantaginaceae,Gentianaceae-Poaceae,Gentianaceae-HOMA,Plantaginaceae-Poaceae,Plantaginaceae-HOMA,Poaceae-HOMA",6,"Acrididae,Coccinellidae,Geomitridae,Helicidae,Pentatomidae,Tettigoniidae",38,"Amaranthaceae-Acrididae,Amaranthaceae-Coccinellidae,Amaranthaceae-Geomitridae,Amaranthaceae-Helicidae,Amaranthaceae-Pentatomidae,Amaranthaceae-Tettigoniidae,Asteraceae-Acrididae,Asteraceae-Coccinellidae,Asteraceae-Geomitridae,Asteraceae-Helicidae,Asteraceae-Pentatomidae,Asteraceae-Tettigoniidae,Caryophyllaceae-Geomitridae,Caryophyllaceae-Helicidae,Fabaceae-Acrididae,Fabaceae-Geomitridae,Fabaceae-Helicidae,Fabaceae-Pentatomidae,Fabaceae-Tettigoniidae,Gentianaceae-Acrididae,Gentianaceae-Geomitridae,Gentianaceae-Helicidae,Gentianaceae-Tettigoniidae,Plantaginaceae-Geomitridae,Plantaginaceae-Helicidae,Plantaginaceae-Pentatomidae,Plantaginaceae-Tettigoniidae,Poaceae-Acrididae,Poaceae-Coccinellidae,Poaceae-Geomitridae,Poaceae-Helicidae,Poaceae-Pentatomidae,Poaceae-Tettigoniidae,HOMA-Acrididae,HOMA-Geomitridae,HOMA-Helicidae,HOMA-Pentatomidae,HOMA-Tettigoniidae",NA,NA,NA,NA,0,NA,NA,0,0,0,NA,NA,NA,NA,NA,NA
24,HOMA,2020,species,17,"BEMA,CETE,CHFU,CHMI,LEMA,MEEL,MEPO,MESU,PAIN,PLCO,POMA,POMO,PUPA,SASO,SCLA,SOAS,SPRU",153,"BEMA-CETE,BEMA-CHFU,BEMA-CHMI,BEMA-focal-neighbour,BEMA-LEMA,BEMA-MEEL,BEMA-MEPO,BEMA-MESU,BEMA-PAIN,BEMA-PLCO,BEMA-POMA,BEMA-POMO,BEMA-PUPA,BEMA-SASO,BEMA-SCLA,BEMA-SOAS,BEMA-SPRU,CETE-CHFU,CETE-CHMI,CETE-focal-neighbour,CETE-LEMA,CETE-MEEL,CETE-MEPO,CETE-MESU,CETE-PAIN,CETE-PLCO,CETE-POMA,CETE-POMO,CETE-PUPA,CETE-SASO,CETE-SCLA,CETE-SOAS,CETE-SPRU,CHFU-CHMI,CHFU-focal-neighbour,CHFU-LEMA,CHFU-MEEL,CHFU-MEPO,CHFU-MESU,CHFU-PAIN,CHFU-PLCO,CHFU-POMA,CHFU-POMO,CHFU-PUPA,CHFU-SASO,CHFU-SCLA,CHFU-SOAS,CHFU-SPRU,CHMI-focal-neighbour,CHMI-LEMA,CHMI-MEEL,CHMI-MEPO,CHMI-MESU,CHMI-PAIN,CHMI-PLCO,CHMI-POMA,CHMI-POMO,CHMI-PUPA,CHMI-SASO,CHMI-SCLA,CHMI-SOAS,CHMI-SPRU,focal-neighbour-LEMA,focal-neighbour-MEEL,focal-neighbour-MEPO,focal-neighbour-MESU,focal-neighbour-PAIN,focal-neighbour-PLCO,focal-neighbour-POMA,focal-neighbour-POMO,focal-neighbour-PUPA,focal-neighbour-SASO,focal-neighbour-SCLA,focal-neighbour-SOAS,focal-neighbour-SPRU,LEMA-MEEL,LEMA-MEPO,LEMA-MESU,LEMA-PAIN,LEMA-PLCO,LEMA-POMA,LEMA-POMO,LEMA-PUPA,LEMA-SASO,LEMA-SCLA,LEMA-SOAS,LEMA-SPRU,MEEL-MEPO,MEEL-MESU,MEEL-PAIN,MEEL-PLCO,MEEL-POMA,MEEL-POMO,MEEL-PUPA,MEEL-SASO,MEEL-SCLA,MEEL-SOAS,MEEL-SPRU,MEPO-MESU,MEPO-PAIN,MEPO-PLCO,MEPO-POMA,MEPO-POMO,MEPO-PUPA,MEPO-SASO,MEPO-SCLA,MEPO-SOAS,MEPO-SPRU,MESU-PAIN,MESU-PLCO,MESU-POMA,MESU-POMO,MESU-PUPA,MESU-SASO,MESU-SCLA,MESU-SOAS,MESU-SPRU,PAIN-PLCO,PAIN-POMA,PAIN-POMO,PAIN-PUPA,PAIN-SASO,PAIN-SCLA,PAIN-SOAS,PAIN-SPRU,PLCO-POMA,PLCO-POMO,PLCO-PUPA,PLCO-SASO,PLCO-SCLA,PLCO-SOAS,PLCO-SPRU,POMA-POMO,POMA-PUPA,POMA-SASO,POMA-SCLA,POMA-SOAS,POMA-SPRU,POMO-PUPA,POMO-SASO,POMO-SCLA,POMO-SOAS,POMO-SPRU,PUPA-SASO,PUPA-SCLA,PUPA-SOAS,PUPA-SPRU,SASO-SCLA,SASO-SOAS,SASO-SPRU,SCLA-SOAS,SCLA-SPRU,SOAS-SPRU",10,"Aelia-spp,Aiolopus-strepens,Cleta-ramosaria-larva,Cochlicella-barbara,Coscinia-spp-larva,Geometridae-larva,Lasiocampa-trifolii-larva,Lepidoptera-larva,Tessellana-tessellata,Theba-pisana",87,"BEMA-Aelia-spp,BEMA-Aiolopus-strepens,BEMA-Cochlicella-barbara,BEMA-Geometridae-larva,BEMA-Lasiocampa-trifolii-larva,BEMA-Tessellana-tessellata,BEMA-Theba-pisana,CETE-Aiolopus-strepens,CETE-Cochlicella-barbara,CETE-Lasiocampa-trifolii-larva,CETE-Tessellana-tessellata,CETE-Theba-pisana,CHFU-Cochlicella-barbara,CHFU-Lasiocampa-trifolii-larva,CHFU-Lepidoptera-larva,CHFU-Tessellana-tessellata,CHFU-Theba-pisana,CHMI-Aelia-spp,CHMI-Aiolopus-strepens,CHMI-Cochlicella-barbara,CHMI-Lasiocampa-trifolii-larva,CHMI-Lepidoptera-larva,CHMI-Tessellana-tessellata,CHMI-Theba-pisana,LEMA-Aelia-spp,LEMA-Aiolopus-strepens,LEMA-Cochlicella-barbara,LEMA-Coscinia-spp-larva,LEMA-Lasiocampa-trifolii-larva,LEMA-Tessellana-tessellata,LEMA-Theba-pisana,MEEL-Aelia-spp,MEEL-Cochlicella-barbara,MEEL-Tessellana-tessellata,MEPO-Cochlicella-barbara,MEPO-Lasiocampa-trifolii-larva,MEPO-Tessellana-tessellata,MEPO-Theba-pisana,MESU-Aiolopus-strepens,MESU-Cochlicella-barbara,MESU-Lasiocampa-trifolii-larva,MESU-Tessellana-tessellata,MESU-Theba-pisana,PAIN-Aelia-spp,PAIN-Aiolopus-strepens,PAIN-Cochlicella-barbara,PAIN-Lasiocampa-trifolii-larva,PAIN-Lepidoptera-larva,PAIN-Tessellana-tessellata,PAIN-Theba-pisana,PLCO-Aelia-spp,PLCO-Cochlicella-barbara,PLCO-Lasiocampa-trifolii-larva,PLCO-Tessellana-tessellata,PLCO-Theba-pisana,POMA-Aelia-spp,POMA-Aiolopus-strepens,POMA-Cochlicella-barbara,POMA-Lasiocampa-trifolii-larva,POMA-Tessellana-tessellata,POMA-Theba-pisana,POMO-Lasiocampa-trifolii-larva,PUPA-Aelia-spp,PUPA-Aiolopus-strepens,PUPA-Cochlicella-barbara,PUPA-Lasiocampa-trifolii-larva,PUPA-Tessellana-tessellata,SASO-Aelia-spp,SASO-Cochlicella-barbara,SASO-Lasiocampa-trifolii-larva,SASO-Tessellana-tessellata,SASO-Theba-pisana,SCLA-Tessellana-tessellata,SOAS-Cochlicella-barbara,SOAS-Tessellana-tessellata,SOAS-Theba-pisana,SPRU-Cochlicella-barbara,SPRU-Theba-pisana,focal-neighbour-Aelia-spp,focal-neighbour-Aiolopus-strepens,focal-neighbour-Cleta-ramosaria-larva,focal-neighbour-Cochlicella-barbara,focal-neighbour-Coscinia-spp-larva,focal-neighbour-Geometridae-larva,focal-neighbour-Lasiocampa-trifolii-larva,focal-neighbour-Tessellana-tessellata,focal-neighbour-Theba-pisana",NA,NA,NA,NA,2,"LEMA,MEEL",NA,0,0,0,NA,NA,NA,NA,NA,NA
25,CETE,2020,group,2,"Forb,Grass",3,"Forb-Grass,Forb-CETE,Grass-CETE",2,"beetle,snail",4,"Forb-beetle,Forb-snail,Grass-snail,CETE-snail",2,"bee,fly",6,"Forb-bee,Forb-fly,Grass-bee,Grass-fly,CETE-bee,CETE-fly",0,NA,0,0,0,0,0,NA,NA,NA,NA,NA
26,CETE,2020,family,8,"Amaranthaceae,Asteraceae,Caryophyllaceae,Fabaceae,Gentianaceae,Plantaginaceae,Poaceae,Primulacea",36,"Amaranthaceae-Asteraceae,Amaranthaceae-Caryophyllaceae,Amaranthaceae-Fabaceae,Amaranthaceae-Gentianaceae,Amaranthaceae-Plantaginaceae,Amaranthaceae-Poaceae,Amaranthaceae-Primulacea,Amaranthaceae-CETE,Asteraceae-Caryophyllaceae,Asteraceae-Fabaceae,Asteraceae-Gentianaceae,Asteraceae-Plantaginaceae,Asteraceae-Poaceae,Asteraceae-Primulacea,Asteraceae-CETE,Caryophyllaceae-Fabaceae,Caryophyllaceae-Gentianaceae,Caryophyllaceae-Plantaginaceae,Caryophyllaceae-Poaceae,Caryophyllaceae-Primulacea,Caryophyllaceae-CETE,Fabaceae-Gentianaceae,Fabaceae-Plantaginaceae,Fabaceae-Poaceae,Fabaceae-Primulacea,Fabaceae-CETE,Gentianaceae-Plantaginaceae,Gentianaceae-Poaceae,Gentianaceae-Primulacea,Gentianaceae-CETE,Plantaginaceae-Poaceae,Plantaginaceae-Primulacea,Plantaginaceae-CETE,Poaceae-Primulacea,Poaceae-CETE,Primulacea-CETE",2,"Coccinellidae,Helicidae",7,"Amaranthaceae-Coccinellidae,Amaranthaceae-Helicidae,Asteraceae-Helicidae,Caryophyllaceae-Helicidae,Plantaginaceae-Helicidae,Poaceae-Helicidae,CETE-Helicidae",5,"Andrenidae,Bombyliidae,Halictidae,Syrphidae,Tabanidae",16,"Amaranthaceae-Bombyliidae,Amaranthaceae-Halictidae,Asteraceae-Andrenidae,Asteraceae-Bombyliidae,Asteraceae-Halictidae,Asteraceae-Syrphidae,Asteraceae-Tabanidae,Plantaginaceae-Andrenidae,Poaceae-Bombyliidae,Poaceae-Halictidae,Poaceae-Tabanidae,Primulacea-Syrphidae,CETE-Andrenidae,CETE-Bombyliidae,CETE-Halictidae,CETE-Tabanidae",0,NA,0,0,0,0,0,NA,NA,NA,NA,NA
27,CETE,2020,species,18,"ACHI,ANAR,BEMA,CHFU,CHMI,HOMA,LEMA,MEEL,MESU,PAIN,PLCO,POMA,POMO,PUPA,SASO,SCLA,SOAS,SPRU",171,"ACHI-ANAR,ACHI-BEMA,ACHI-focal-neighbour,ACHI-CHFU,ACHI-CHMI,ACHI-HOMA,ACHI-LEMA,ACHI-MEEL,ACHI-MESU,ACHI-PAIN,ACHI-PLCO,ACHI-POMA,ACHI-POMO,ACHI-PUPA,ACHI-SASO,ACHI-SCLA,ACHI-SOAS,ACHI-SPRU,ANAR-BEMA,ANAR-focal-neighbour,ANAR-CHFU,ANAR-CHMI,ANAR-HOMA,ANAR-LEMA,ANAR-MEEL,ANAR-MESU,ANAR-PAIN,ANAR-PLCO,ANAR-POMA,ANAR-POMO,ANAR-PUPA,ANAR-SASO,ANAR-SCLA,ANAR-SOAS,ANAR-SPRU,BEMA-focal-neighbour,BEMA-CHFU,BEMA-CHMI,BEMA-HOMA,BEMA-LEMA,BEMA-MEEL,BEMA-MESU,BEMA-PAIN,BEMA-PLCO,BEMA-POMA,BEMA-POMO,BEMA-PUPA,BEMA-SASO,BEMA-SCLA,BEMA-SOAS,BEMA-SPRU,focal-neighbour-CHFU,focal-neighbour-CHMI,focal-neighbour-HOMA,focal-neighbour-LEMA,focal-neighbour-MEEL,focal-neighbour-MESU,focal-neighbour-PAIN,focal-neighbour-PLCO,focal-neighbour-POMA,focal-neighbour-POMO,focal-neighbour-PUPA,focal-neighbour-SASO,focal-neighbour-SCLA,focal-neighbour-SOAS,focal-neighbour-SPRU,CHFU-CHMI,CHFU-HOMA,CHFU-LEMA,CHFU-MEEL,CHFU-MESU,CHFU-PAIN,CHFU-PLCO,CHFU-POMA,CHFU-POMO,CHFU-PUPA,CHFU-SASO,CHFU-SCLA,CHFU-SOAS,CHFU-SPRU,CHMI-HOMA,CHMI-LEMA,CHMI-MEEL,CHMI-MESU,CHMI-PAIN,CHMI-PLCO,CHMI-POMA,CHMI-POMO,CHMI-PUPA,CHMI-SASO,CHMI-SCLA,CHMI-SOAS,CHMI-SPRU,HOMA-LEMA,HOMA-MEEL,HOMA-MESU,HOMA-PAIN,HOMA-PLCO,HOMA-POMA,HOMA-POMO,HOMA-PUPA,HOMA-SASO,HOMA-SCLA,HOMA-SOAS,HOMA-SPRU,LEMA-MEEL,LEMA-MESU,LEMA-PAIN,LEMA-PLCO,LEMA-POMA,LEMA-POMO,LEMA-PUPA,LEMA-SASO,LEMA-SCLA,LEMA-SOAS,LEMA-SPRU,MEEL-MESU,MEEL-PAIN,MEEL-PLCO,MEEL-POMA,MEEL-POMO,MEEL-PUPA,MEEL-SASO,MEEL-SCLA,MEEL-SOAS,MEEL-SPRU,MESU-PAIN,MESU-PLCO,MESU-POMA,MESU-POMO,MESU-PUPA,MESU-SASO,MESU-SCLA,MESU-SOAS,MESU-SPRU,PAIN-PLCO,PAIN-POMA,PAIN-POMO,PAIN-PUPA,PAIN-SASO,PAIN-SCLA,PAIN-SOAS,PAIN-SPRU,PLCO-POMA,PLCO-POMO,PLCO-PUPA,PLCO-SASO,PLCO-SCLA,PLCO-SOAS,PLCO-SPRU,POMA-POMO,POMA-PUPA,POMA-SASO,POMA-SCLA,POMA-SOAS,POMA-SPRU,POMO-PUPA,POMO-SASO,POMO-SCLA,POMO-SOAS,POMO-SPRU,PUPA-SASO,PUPA-SCLA,PUPA-SOAS,PUPA-SPRU,SASO-SCLA,SASO-SOAS,SASO-SPRU,SCLA-SOAS,SCLA-SPRU,SOAS-SPRU",1,Theba-pisana,10,"BEMA-Theba-pisana,CHFU-Theba-pisana,HOMA-Theba-pisana,LEMA-Theba-pisana,PAIN-Theba-pisana,PLCO-Theba-pisana,POMA-Theba-pisana,PUPA-Theba-pisana,SPRU-Theba-pisana,focal-neighbour-Theba-pisana",6,"Andrena-spp,Bombyliidae,Bombylius-major,Eristalis-similis,Lasioglossum-malachurum,Tabanidae",28,"ACHI-Eristalis-similis,ANAR-Eristalis-similis,BEMA-Bombyliidae,BEMA-Bombylius-major,BEMA-Lasioglossum-malachurum,HOMA-Bombylius-major,HOMA-Lasioglossum-malachurum,HOMA-Tabanidae,LEMA-Bombyliidae,LEMA-Bombylius-major,LEMA-Eristalis-similis,LEMA-Lasioglossum-malachurum,LEMA-Tabanidae,PAIN-Lasioglossum-malachurum,PLCO-Andrena-spp,POMA-Lasioglossum-malachurum,POMO-Lasioglossum-malachurum,PUPA-Bombylius-major,PUPA-Eristalis-similis,SASO-Bombylius-major,SCLA-Andrena-spp,SCLA-Bombyliidae,SOAS-Bombyliidae,SOAS-Lasioglossum-malachurum,focal-neighbour-Andrena-spp,focal-neighbour-Bombylius-major,focal-neighbour-Lasioglossum-malachurum,focal-neighbour-Tabanidae",0,NA,0,0,0,0,0,NA,NA,NA,NA,NA
28,total,,,19,,190,,20,,129,,27,,,,,,,,,,,,,,,