"","focal","year","complexity_plant","n.competitors_plant","competitors_plant","n.HOIs_plant","HOIs_plant","n.interactors_H","interactors_H","n.HOIs_H","HOIs_H","n.interactors_FV","interactors_FV","n.HOIs_FV","HOIs_FV","n.competitors_plant_inclus","n.competitors_FV_inclus","n.competitors_H_inclus","competitors_H_inclus","n.HOIs_plant_inclus","HOIs_plant_inclus","n.HOIs_H_inclus","HOIs_H_inclus","n.HOIs_FV_inclus","complexity.animal","competitors_plant_inclus","competitors_FV_inclus","HOIs_FV_inclus"
"1","LEMA",2020,"class",2,"Forb,Grass",3,"Forb_Grass,Forb_LEMA,Grass_LEMA",7,"beetle,caterpillar,grasshopper,leafhopper,mite,snail,trip",16,"Forb_beetle,Forb_caterpillar,Forb_grasshopper,Forb_mite,Forb_snail,Forb_trip,Grass_beetle,Grass_caterpillar,Grass_grasshopper,Grass_snail,Grass_trip,LEMA_beetle,LEMA_caterpillar,LEMA_grasshopper,LEMA_mite,LEMA_snail",4,"bee,butterfly,fly,wasp",12,"Forb_bee,Forb_butterfly,Forb_fly,Forb_wasp,Grass_bee,Grass_butterfly,Grass_fly,Grass_wasp,LEMA_bee,LEMA_butterfly,LEMA_fly,LEMA_wasp",0,0,1,"beetle",2,"Forb_Grass,Grass_LEMA",2,"Grass_leafhopper,Forb_mite",0,"group",NA,NA,NA
"2","LEMA",2020,"family",9,"Amaranthaceae,Asteraceae,Caryophyllaceae,Fabaceae,Gentianaceae,Plantaginaceae,Poaceae,Primulacea,Ranunculuc",45,"Amaranthaceae_Asteraceae,Amaranthaceae_Caryophyllaceae,Amaranthaceae_Fabaceae,Amaranthaceae_Gentianaceae,Amaranthaceae_Plantaginaceae,Amaranthaceae_Poaceae,Amaranthaceae_Primulacea,Amaranthaceae_Ranunculuc,Amaranthaceae_LEMA,Asteraceae_Caryophyllaceae,Asteraceae_Fabaceae,Asteraceae_Gentianaceae,Asteraceae_Plantaginaceae,Asteraceae_Poaceae,Asteraceae_Primulacea,Asteraceae_Ranunculuc,Asteraceae_LEMA,Caryophyllaceae_Fabaceae,Caryophyllaceae_Gentianaceae,Caryophyllaceae_Plantaginaceae,Caryophyllaceae_Poaceae,Caryophyllaceae_Primulacea,Caryophyllaceae_Ranunculuc,Caryophyllaceae_LEMA,Fabaceae_Gentianaceae,Fabaceae_Plantaginaceae,Fabaceae_Poaceae,Fabaceae_Primulacea,Fabaceae_Ranunculuc,Fabaceae_LEMA,Gentianaceae_Plantaginaceae,Gentianaceae_Poaceae,Gentianaceae_Primulacea,Gentianaceae_Ranunculuc,Gentianaceae_LEMA,Plantaginaceae_Poaceae,Plantaginaceae_Primulacea,Plantaginaceae_Ranunculuc,Plantaginaceae_LEMA,Poaceae_Primulacea,Poaceae_Ranunculuc,Poaceae_LEMA,Primulacea_Ranunculuc,Primulacea_LEMA,Ranunculuc_LEMA",14,"Acrididae,Aphididae,Chrysomelidae,Coccinellidae,Curculionidae,Geomitridae,Gryllidae,Helicidae,Miridae,Mordellidae,Nitidulidae,Pentatomidae,Tetranychidae,Tettigoniidae",85,"Amaranthaceae_Chrysomelidae,Amaranthaceae_Coccinellidae,Amaranthaceae_Curculionidae,Amaranthaceae_Geomitridae,Amaranthaceae_Gryllidae,Amaranthaceae_Helicidae,Amaranthaceae_Miridae,Amaranthaceae_Mordellidae,Amaranthaceae_Nitidulidae,Amaranthaceae_Tetranychidae,Amaranthaceae_Tettigoniidae,Asteraceae_Aphididae,Asteraceae_Chrysomelidae,Asteraceae_Coccinellidae,Asteraceae_Curculionidae,Asteraceae_Geomitridae,Asteraceae_Helicidae,Asteraceae_Mordellidae,Asteraceae_Nitidulidae,Asteraceae_Tettigoniidae,Caryophyllaceae_Chrysomelidae,Caryophyllaceae_Coccinellidae,Caryophyllaceae_Curculionidae,Caryophyllaceae_Geomitridae,Caryophyllaceae_Helicidae,Caryophyllaceae_Nitidulidae,Caryophyllaceae_Tettigoniidae,Fabaceae_Aphididae,Fabaceae_Chrysomelidae,Fabaceae_Coccinellidae,Fabaceae_Curculionidae,Fabaceae_Geomitridae,Fabaceae_Gryllidae,Fabaceae_Helicidae,Fabaceae_Nitidulidae,Fabaceae_Tettigoniidae,Gentianaceae_Aphididae,Gentianaceae_Chrysomelidae,Gentianaceae_Coccinellidae,Gentianaceae_Curculionidae,Gentianaceae_Geomitridae,Gentianaceae_Helicidae,Gentianaceae_Miridae,Gentianaceae_Mordellidae,Gentianaceae_Nitidulidae,Gentianaceae_Tetranychidae,Gentianaceae_Tettigoniidae,Plantaginaceae_Chrysomelidae,Plantaginaceae_Coccinellidae,Plantaginaceae_Geomitridae,Plantaginaceae_Helicidae,Plantaginaceae_Nitidulidae,Plantaginaceae_Tettigoniidae,Poaceae_Acrididae,Poaceae_Aphididae,Poaceae_Chrysomelidae,Poaceae_Coccinellidae,Poaceae_Curculionidae,Poaceae_Geomitridae,Poaceae_Gryllidae,Poaceae_Helicidae,Poaceae_Nitidulidae,Poaceae_Pentatomidae,Poaceae_Tettigoniidae,Primulacea_Geomitridae,Primulacea_Helicidae,Primulacea_Nitidulidae,Ranunculuc_Coccinellidae,Ranunculuc_Geomitridae,Ranunculuc_Helicidae,Ranunculuc_Nitidulidae,Ranunculuc_Tettigoniidae,LEMA_Acrididae,LEMA_Aphididae,LEMA_Chrysomelidae,LEMA_Coccinellidae,LEMA_Curculionidae,LEMA_Geomitridae,LEMA_Helicidae,LEMA_Miridae,LEMA_Mordellidae,LEMA_Nitidulidae,LEMA_Pentatomidae,LEMA_Tetranychidae,LEMA_Tettigoniidae",18,"Andrenidae,Apidae,Bibionidae,Bombyliidae,Empididae,Geometridae,Halictidae,Lasiocampidae,Megachilidae,Muscidae,Oedemeridae,Pieridae,Sarcophagidae,Stratiomyidae,Syrphidae,Tabanidae,Tachinidae,Ulidiidae",111,"Amaranthaceae_Andrenidae,Amaranthaceae_Apidae,Amaranthaceae_Bibionidae,Amaranthaceae_Bombyliidae,Amaranthaceae_Halictidae,Amaranthaceae_Megachilidae,Amaranthaceae_Muscidae,Amaranthaceae_Oedemeridae,Amaranthaceae_Sarcophagidae,Amaranthaceae_Stratiomyidae,Amaranthaceae_Syrphidae,Amaranthaceae_Tabanidae,Amaranthaceae_Ulidiidae,Asteraceae_Andrenidae,Asteraceae_Apidae,Asteraceae_Bibionidae,Asteraceae_Bombyliidae,Asteraceae_Halictidae,Asteraceae_Lasiocampidae,Asteraceae_Megachilidae,Asteraceae_Muscidae,Asteraceae_Oedemeridae,Asteraceae_Pieridae,Asteraceae_Sarcophagidae,Asteraceae_Stratiomyidae,Asteraceae_Syrphidae,Asteraceae_Tabanidae,Asteraceae_Tachinidae,Asteraceae_Ulidiidae,Caryophyllaceae_Andrenidae,Caryophyllaceae_Bibionidae,Caryophyllaceae_Bombyliidae,Caryophyllaceae_Halictidae,Caryophyllaceae_Muscidae,Caryophyllaceae_Oedemeridae,Caryophyllaceae_Syrphidae,Caryophyllaceae_Tachinidae,Fabaceae_Andrenidae,Fabaceae_Apidae,Fabaceae_Bibionidae,Fabaceae_Bombyliidae,Fabaceae_Halictidae,Fabaceae_Megachilidae,Fabaceae_Muscidae,Fabaceae_Oedemeridae,Fabaceae_Stratiomyidae,Fabaceae_Syrphidae,Fabaceae_Tachinidae,Gentianaceae_Andrenidae,Gentianaceae_Apidae,Gentianaceae_Bibionidae,Gentianaceae_Bombyliidae,Gentianaceae_Halictidae,Gentianaceae_Megachilidae,Gentianaceae_Muscidae,Gentianaceae_Oedemeridae,Gentianaceae_Sarcophagidae,Gentianaceae_Stratiomyidae,Gentianaceae_Syrphidae,Gentianaceae_Tabanidae,Gentianaceae_Ulidiidae,Plantaginaceae_Andrenidae,Plantaginaceae_Apidae,Plantaginaceae_Bibionidae,Plantaginaceae_Halictidae,Plantaginaceae_Muscidae,Plantaginaceae_Oedemeridae,Plantaginaceae_Sarcophagidae,Plantaginaceae_Stratiomyidae,Plantaginaceae_Syrphidae,Plantaginaceae_Tachinidae,Plantaginaceae_Ulidiidae,Poaceae_Andrenidae,Poaceae_Apidae,Poaceae_Bibionidae,Poaceae_Bombyliidae,Poaceae_Geometridae,Poaceae_Halictidae,Poaceae_Lasiocampidae,Poaceae_Megachilidae,Poaceae_Muscidae,Poaceae_Oedemeridae,Poaceae_Pieridae,Poaceae_Stratiomyidae,Poaceae_Syrphidae,Poaceae_Tabanidae,Poaceae_Tachinidae,Poaceae_Ulidiidae,Ranunculuc_Andrenidae,Ranunculuc_Apidae,Ranunculuc_Bibionidae,Ranunculuc_Halictidae,Ranunculuc_Oedemeridae,Ranunculuc_Stratiomyidae,Ranunculuc_Syrphidae,LEMA_Andrenidae,LEMA_Apidae,LEMA_Bibionidae,LEMA_Bombyliidae,LEMA_Empididae,LEMA_Halictidae,LEMA_Lasiocampidae,LEMA_Megachilidae,LEMA_Muscidae,LEMA_Oedemeridae,LEMA_Sarcophagidae,LEMA_Stratiomyidae,LEMA_Syrphidae,LEMA_Tabanidae,LEMA_Tachinidae,LEMA_Ulidiidae",2,1,1,"Nitidulidae",2,"Fabaceae_Poaceae,Poaceae_LEMA",1,"Poaceae_Geomitridae",1,"family","Plantaginaceae,Ranunculuc","Bibionidae","Poaceae_Geometridae"
"3","LEMA",2020,"code.plant",19,"ANAR,BEMA,CETE,CHFU,CHMI,HOMA,MEEL,MEPO,MESU,PAIN,PLCO,POMA,POMO,PUPA,RAPE,SASO,SCLA,SOAS,SPRU",190,"ANAR_BEMA,ANAR_CETE,ANAR_CHFU,ANAR_CHMI,ANAR_HOMA,ANAR_LEMA,ANAR_MEEL,ANAR_MEPO,ANAR_MESU,ANAR_PAIN,ANAR_PLCO,ANAR_POMA,ANAR_POMO,ANAR_PUPA,ANAR_RAPE,ANAR_SASO,ANAR_SCLA,ANAR_SOAS,ANAR_SPRU,BEMA_CETE,BEMA_CHFU,BEMA_CHMI,BEMA_HOMA,BEMA_LEMA,BEMA_MEEL,BEMA_MEPO,BEMA_MESU,BEMA_PAIN,BEMA_PLCO,BEMA_POMA,BEMA_POMO,BEMA_PUPA,BEMA_RAPE,BEMA_SASO,BEMA_SCLA,BEMA_SOAS,BEMA_SPRU,CETE_CHFU,CETE_CHMI,CETE_HOMA,CETE_LEMA,CETE_MEEL,CETE_MEPO,CETE_MESU,CETE_PAIN,CETE_PLCO,CETE_POMA,CETE_POMO,CETE_PUPA,CETE_RAPE,CETE_SASO,CETE_SCLA,CETE_SOAS,CETE_SPRU,CHFU_CHMI,CHFU_HOMA,CHFU_LEMA,CHFU_MEEL,CHFU_MEPO,CHFU_MESU,CHFU_PAIN,CHFU_PLCO,CHFU_POMA,CHFU_POMO,CHFU_PUPA,CHFU_RAPE,CHFU_SASO,CHFU_SCLA,CHFU_SOAS,CHFU_SPRU,CHMI_HOMA,CHMI_LEMA,CHMI_MEEL,CHMI_MEPO,CHMI_MESU,CHMI_PAIN,CHMI_PLCO,CHMI_POMA,CHMI_POMO,CHMI_PUPA,CHMI_RAPE,CHMI_SASO,CHMI_SCLA,CHMI_SOAS,CHMI_SPRU,HOMA_LEMA,HOMA_MEEL,HOMA_MEPO,HOMA_MESU,HOMA_PAIN,HOMA_PLCO,HOMA_POMA,HOMA_POMO,HOMA_PUPA,HOMA_RAPE,HOMA_SASO,HOMA_SCLA,HOMA_SOAS,HOMA_SPRU,LEMA_MEEL,LEMA_MEPO,LEMA_MESU,LEMA_PAIN,LEMA_PLCO,LEMA_POMA,LEMA_POMO,LEMA_PUPA,LEMA_RAPE,LEMA_SASO,LEMA_SCLA,LEMA_SOAS,LEMA_SPRU,MEEL_MEPO,MEEL_MESU,MEEL_PAIN,MEEL_PLCO,MEEL_POMA,MEEL_POMO,MEEL_PUPA,MEEL_RAPE,MEEL_SASO,MEEL_SCLA,MEEL_SOAS,MEEL_SPRU,MEPO_MESU,MEPO_PAIN,MEPO_PLCO,MEPO_POMA,MEPO_POMO,MEPO_PUPA,MEPO_RAPE,MEPO_SASO,MEPO_SCLA,MEPO_SOAS,MEPO_SPRU,MESU_PAIN,MESU_PLCO,MESU_POMA,MESU_POMO,MESU_PUPA,MESU_RAPE,MESU_SASO,MESU_SCLA,MESU_SOAS,MESU_SPRU,PAIN_PLCO,PAIN_POMA,PAIN_POMO,PAIN_PUPA,PAIN_RAPE,PAIN_SASO,PAIN_SCLA,PAIN_SOAS,PAIN_SPRU,PLCO_POMA,PLCO_POMO,PLCO_PUPA,PLCO_RAPE,PLCO_SASO,PLCO_SCLA,PLCO_SOAS,PLCO_SPRU,POMA_POMO,POMA_PUPA,POMA_RAPE,POMA_SASO,POMA_SCLA,POMA_SOAS,POMA_SPRU,POMO_PUPA,POMO_RAPE,POMO_SASO,POMO_SCLA,POMO_SOAS,POMO_SPRU,PUPA_RAPE,PUPA_SASO,PUPA_SCLA,PUPA_SOAS,PUPA_SPRU,RAPE_SASO,RAPE_SCLA,RAPE_SOAS,RAPE_SPRU,SASO_SCLA,SASO_SOAS,SASO_SPRU,SCLA_SOAS,SCLA_SPRU,SOAS_SPRU",29,"Aelia_spp,Agapanthia_annularis,Aiolopus_strepens,Aphis_fabae,Brassicogethes_spp,Calamobius_filum,Cassida_spp,Cicadidae,Cochlicella_barbara,Conocephalus_dorsalis,Cryptocephalus_spp,Curculionidae,Dociostaurus_jagoi,Gastropoda,Geometridae_sp_brown_naked_larva,Gryllus_bimaculatus,Lasiocampa_trifolii_larva,Lepidoptera_larva,Lepidoptera_sp_green_naked_larva,Miridae,Mordellidae,Nitidulidae,Orthoptera,Otala_lactea,Tessellana_tessellata,Tetranychus_urticae,Theba_pisana,Thysanoptera,Vanessa_cardui_larva",191,"ANAR_Brassicogethes_spp,ANAR_Cochlicella_barbara,ANAR_Theba_pisana,BEMA_Brassicogethes_spp,BEMA_Cassida_spp,BEMA_Cochlicella_barbara,BEMA_Conocephalus_dorsalis,BEMA_Cryptocephalus_spp,BEMA_Curculionidae,BEMA_Gryllus_bimaculatus,BEMA_Lasiocampa_trifolii_larva,BEMA_Lepidoptera_larva,BEMA_Miridae,BEMA_Mordellidae,BEMA_Nitidulidae,BEMA_Orthoptera,BEMA_Tessellana_tessellata,BEMA_Tetranychus_urticae,BEMA_Theba_pisana,BEMA_Thysanoptera,CETE_Agapanthia_annularis,CETE_Aphis_fabae,CETE_Brassicogethes_spp,CETE_Cochlicella_barbara,CETE_Cryptocephalus_spp,CETE_Curculionidae,CETE_Geometridae_sp_brown_naked_larva,CETE_Lasiocampa_trifolii_larva,CETE_Lepidoptera_larva,CETE_Lepidoptera_sp_green_naked_larva,CETE_Miridae,CETE_Mordellidae,CETE_Nitidulidae,CETE_Orthoptera,CETE_Tessellana_tessellata,CETE_Tetranychus_urticae,CETE_Theba_pisana,CHFU_Brassicogethes_spp,CHFU_Cochlicella_barbara,CHFU_Cryptocephalus_spp,CHFU_Lasiocampa_trifolii_larva,CHFU_Lepidoptera_larva,CHFU_Lepidoptera_sp_green_naked_larva,CHFU_Orthoptera,CHFU_Tessellana_tessellata,CHFU_Theba_pisana,CHMI_Aphis_fabae,CHMI_Brassicogethes_spp,CHMI_Cochlicella_barbara,CHMI_Tessellana_tessellata,CHMI_Theba_pisana,HOMA_Aelia_spp,HOMA_Agapanthia_annularis,HOMA_Aiolopus_strepens,HOMA_Aphis_fabae,HOMA_Brassicogethes_spp,HOMA_Calamobius_filum,HOMA_Cassida_spp,HOMA_Cochlicella_barbara,HOMA_Cryptocephalus_spp,HOMA_Dociostaurus_jagoi,HOMA_Gastropoda,HOMA_Geometridae_sp_brown_naked_larva,HOMA_Lasiocampa_trifolii_larva,HOMA_Lepidoptera_larva,HOMA_Lepidoptera_sp_green_naked_larva,HOMA_Otala_lactea,HOMA_Tessellana_tessellata,HOMA_Theba_pisana,HOMA_Thysanoptera,HOMA_Vanessa_cardui_larva,MEEL_Brassicogethes_spp,MEEL_Cochlicella_barbara,MEEL_Lepidoptera_larva,MEEL_Tessellana_tessellata,MEEL_Theba_pisana,MEPO_Brassicogethes_spp,MEPO_Cochlicella_barbara,MEPO_Lasiocampa_trifolii_larva,MEPO_Lepidoptera_larva,MEPO_Theba_pisana,MESU_Agapanthia_annularis,MESU_Aphis_fabae,MESU_Brassicogethes_spp,MESU_Cochlicella_barbara,MESU_Cryptocephalus_spp,MESU_Curculionidae,MESU_Gastropoda,MESU_Gryllus_bimaculatus,MESU_Lasiocampa_trifolii_larva,MESU_Lepidoptera_larva,MESU_Orthoptera,MESU_Tessellana_tessellata,MESU_Theba_pisana,PAIN_Agapanthia_annularis,PAIN_Aiolopus_strepens,PAIN_Brassicogethes_spp,PAIN_Cochlicella_barbara,PAIN_Lasiocampa_trifolii_larva,PAIN_Lepidoptera_sp_green_naked_larva,PAIN_Tessellana_tessellata,PAIN_Theba_pisana,PLCO_Brassicogethes_spp,PLCO_Cochlicella_barbara,PLCO_Cryptocephalus_spp,PLCO_Lasiocampa_trifolii_larva,PLCO_Lepidoptera_sp_green_naked_larva,PLCO_Orthoptera,PLCO_Tessellana_tessellata,PLCO_Theba_pisana,POMA_Aphis_fabae,POMA_Brassicogethes_spp,POMA_Cochlicella_barbara,POMA_Conocephalus_dorsalis,POMA_Curculionidae,POMA_Gastropoda,POMA_Gryllus_bimaculatus,POMA_Lasiocampa_trifolii_larva,POMA_Lepidoptera_larva,POMA_Lepidoptera_sp_green_naked_larva,POMA_Orthoptera,POMA_Tessellana_tessellata,POMA_Theba_pisana,POMO_Brassicogethes_spp,POMO_Cochlicella_barbara,POMO_Cryptocephalus_spp,POMO_Theba_pisana,PUPA_Aphis_fabae,PUPA_Brassicogethes_spp,PUPA_Cochlicella_barbara,PUPA_Tessellana_tessellata,PUPA_Theba_pisana,RAPE_Brassicogethes_spp,RAPE_Cochlicella_barbara,RAPE_Lepidoptera_larva,RAPE_Orthoptera,RAPE_Tessellana_tessellata,RAPE_Theba_pisana,SASO_Brassicogethes_spp,SASO_Cassida_spp,SASO_Cochlicella_barbara,SASO_Lasiocampa_trifolii_larva,SASO_Orthoptera,SASO_Theba_pisana,SCLA_Brassicogethes_spp,SCLA_Cassida_spp,SCLA_Cochlicella_barbara,SCLA_Cryptocephalus_spp,SCLA_Lasiocampa_trifolii_larva,SCLA_Lepidoptera_sp_green_naked_larva,SCLA_Mordellidae,SCLA_Tessellana_tessellata,SCLA_Theba_pisana,SOAS_Brassicogethes_spp,SOAS_Cassida_spp,SOAS_Cochlicella_barbara,SOAS_Curculionidae,SOAS_Lepidoptera_larva,SOAS_Tessellana_tessellata,SOAS_Theba_pisana,SPRU_Brassicogethes_spp,SPRU_Cochlicella_barbara,SPRU_Cryptocephalus_spp,SPRU_Curculionidae,SPRU_Lepidoptera_larva,SPRU_Tessellana_tessellata,SPRU_Theba_pisana,LEMA_Aelia_spp,LEMA_Agapanthia_annularis,LEMA_Aiolopus_strepens,LEMA_Aphis_fabae,LEMA_Brassicogethes_spp,LEMA_Calamobius_filum,LEMA_Cassida_spp,LEMA_Cochlicella_barbara,LEMA_Conocephalus_dorsalis,LEMA_Cryptocephalus_spp,LEMA_Curculionidae,LEMA_Dociostaurus_jagoi,LEMA_Gastropoda,LEMA_Geometridae_sp_brown_naked_larva,LEMA_Lasiocampa_trifolii_larva,LEMA_Lepidoptera_sp_green_naked_larva,LEMA_Miridae,LEMA_Mordellidae,LEMA_Nitidulidae,LEMA_Orthoptera,LEMA_Tessellana_tessellata,LEMA_Tetranychus_urticae,LEMA_Theba_pisana,LEMA_Vanessa_cardui_larva",48,"Anastoechus_spp,Andrena_humilis,Andrena_spp,Anthaxia_semicuprea,Apidae,Apis_mellifera,Bibionidae,Bombyliidae,Bombylius_major,Calliphoridae,Chrysotoxum_spp,Colias_croceus,Cylindromyia_sp_red_color,Dilophus_spp,Diptera,Empis_spp,Episyrphus_balteatus,Eristalinus_taeniops,Eristalis_similis,Eucera_spp,Euchloe_crameri,Eupeodes_corollae,Geometridae,Halictidae,Hymenoptera,Lasiocampa_trifolii,Lasioglossum_immunitum,Lasioglossum_malachurum,Lepidoptera,Lomatia_spp,Malachius_bipustulatus,Malachius_spp,Melanostoma_spp,Meligethes_spp,Musca_spp,Nemotelus_spp,Odontomyia_spp,Oedemeridae,Osmia_ligurica,Osmia_spp,Pangonidae_spp,Psilothrix_viridicoerulea,Sarcophaga_spp,Scaeva_spp,Sphaerophoria_scripta,Syrphidae,Tabanidae,Ulidiidae_sp_wings_with_pattern",391,"ANAR_Diptera,ANAR_Hymenoptera,ANAR_Psilothrix_viridicoerulea,BEMA_Anastoechus_spp,BEMA_Andrena_humilis,BEMA_Andrena_spp,BEMA_Apidae,BEMA_Bombyliidae,BEMA_Dilophus_spp,BEMA_Diptera,BEMA_Episyrphus_balteatus,BEMA_Eristalis_similis,BEMA_Eucera_spp,BEMA_Eupeodes_corollae,BEMA_Hymenoptera,BEMA_Lasioglossum_immunitum,BEMA_Lasioglossum_malachurum,BEMA_Lepidoptera,BEMA_Malachius_bipustulatus,BEMA_Melanostoma_spp,BEMA_Meligethes_spp,BEMA_Musca_spp,BEMA_Odontomyia_spp,BEMA_Oedemeridae,BEMA_Osmia_spp,BEMA_Psilothrix_viridicoerulea,BEMA_Sphaerophoria_scripta,BEMA_Syrphidae,BEMA_Tabanidae,BEMA_Ulidiidae_sp_wings_with_pattern,CETE_Anastoechus_spp,CETE_Andrena_humilis,CETE_Andrena_spp,CETE_Apidae,CETE_Bibionidae,CETE_Bombyliidae,CETE_Bombylius_major,CETE_Calliphoridae,CETE_Dilophus_spp,CETE_Diptera,CETE_Eristalinus_taeniops,CETE_Eristalis_similis,CETE_Eupeodes_corollae,CETE_Hymenoptera,CETE_Lasioglossum_immunitum,CETE_Lasioglossum_malachurum,CETE_Lepidoptera,CETE_Malachius_bipustulatus,CETE_Melanostoma_spp,CETE_Meligethes_spp,CETE_Musca_spp,CETE_Nemotelus_spp,CETE_Odontomyia_spp,CETE_Oedemeridae,CETE_Osmia_ligurica,CETE_Psilothrix_viridicoerulea,CETE_Sarcophaga_spp,CETE_Sphaerophoria_scripta,CETE_Syrphidae,CETE_Tabanidae,CETE_Ulidiidae_sp_wings_with_pattern,CHFU_Anastoechus_spp,CHFU_Andrena_humilis,CHFU_Andrena_spp,CHFU_Apidae,CHFU_Bibionidae,CHFU_Bombyliidae,CHFU_Chrysotoxum_spp,CHFU_Cylindromyia_sp_red_color,CHFU_Dilophus_spp,CHFU_Diptera,CHFU_Episyrphus_balteatus,CHFU_Eristalinus_taeniops,CHFU_Eristalis_similis,CHFU_Eucera_spp,CHFU_Euchloe_crameri,CHFU_Eupeodes_corollae,CHFU_Hymenoptera,CHFU_Malachius_bipustulatus,CHFU_Malachius_spp,CHFU_Melanostoma_spp,CHFU_Meligethes_spp,CHFU_Musca_spp,CHFU_Nemotelus_spp,CHFU_Odontomyia_spp,CHFU_Oedemeridae,CHFU_Psilothrix_viridicoerulea,CHFU_Sphaerophoria_scripta,CHFU_Syrphidae,CHFU_Ulidiidae_sp_wings_with_pattern,CHMI_Andrena_spp,CHMI_Eristalis_similis,CHMI_Hymenoptera,CHMI_Psilothrix_viridicoerulea,CHMI_Sphaerophoria_scripta,CHMI_Syrphidae,HOMA_Anastoechus_spp,HOMA_Andrena_humilis,HOMA_Andrena_spp,HOMA_Anthaxia_semicuprea,HOMA_Apidae,HOMA_Apis_mellifera,HOMA_Bombyliidae,HOMA_Bombylius_major,HOMA_Chrysotoxum_spp,HOMA_Colias_croceus,HOMA_Cylindromyia_sp_red_color,HOMA_Dilophus_spp,HOMA_Diptera,HOMA_Episyrphus_balteatus,HOMA_Eristalis_similis,HOMA_Eucera_spp,HOMA_Euchloe_crameri,HOMA_Eupeodes_corollae,HOMA_Geometridae,HOMA_Halictidae,HOMA_Hymenoptera,HOMA_Lasioglossum_immunitum,HOMA_Lasioglossum_malachurum,HOMA_Malachius_bipustulatus,HOMA_Malachius_spp,HOMA_Meligethes_spp,HOMA_Musca_spp,HOMA_Nemotelus_spp,HOMA_Odontomyia_spp,HOMA_Oedemeridae,HOMA_Osmia_spp,HOMA_Pangonidae_spp,HOMA_Psilothrix_viridicoerulea,HOMA_Scaeva_spp,HOMA_Sphaerophoria_scripta,HOMA_Syrphidae,HOMA_Tabanidae,HOMA_Ulidiidae_sp_wings_with_pattern,MEEL_Chrysotoxum_spp,MEEL_Dilophus_spp,MEEL_Diptera,MEEL_Eristalis_similis,MEEL_Eupeodes_corollae,MEEL_Hymenoptera,MEEL_Meligethes_spp,MEEL_Psilothrix_viridicoerulea,MEEL_Sphaerophoria_scripta,MEEL_Syrphidae,MEPO_Andrena_spp,MEPO_Apidae,MEPO_Dilophus_spp,MEPO_Diptera,MEPO_Eristalis_similis,MEPO_Malachius_bipustulatus,MEPO_Meligethes_spp,MEPO_Oedemeridae,MEPO_Psilothrix_viridicoerulea,MEPO_Sphaerophoria_scripta,MESU_Anastoechus_spp,MESU_Andrena_humilis,MESU_Andrena_spp,MESU_Apidae,MESU_Bombyliidae,MESU_Calliphoridae,MESU_Cylindromyia_sp_red_color,MESU_Dilophus_spp,MESU_Diptera,MESU_Episyrphus_balteatus,MESU_Eristalinus_taeniops,MESU_Eristalis_similis,MESU_Eupeodes_corollae,MESU_Hymenoptera,MESU_Lasioglossum_malachurum,MESU_Lepidoptera,MESU_Lomatia_spp,MESU_Malachius_bipustulatus,MESU_Malachius_spp,MESU_Meligethes_spp,MESU_Musca_spp,MESU_Nemotelus_spp,MESU_Odontomyia_spp,MESU_Oedemeridae,MESU_Osmia_spp,MESU_Psilothrix_viridicoerulea,MESU_Scaeva_spp,MESU_Sphaerophoria_scripta,MESU_Syrphidae,PAIN_Andrena_humilis,PAIN_Andrena_spp,PAIN_Apidae,PAIN_Bombyliidae,PAIN_Diptera,PAIN_Eristalinus_taeniops,PAIN_Eristalis_similis,PAIN_Euchloe_crameri,PAIN_Eupeodes_corollae,PAIN_Hymenoptera,PAIN_Lasioglossum_immunitum,PAIN_Lasioglossum_malachurum,PAIN_Nemotelus_spp,PAIN_Oedemeridae,PAIN_Psilothrix_viridicoerulea,PAIN_Sphaerophoria_scripta,PAIN_Syrphidae,PAIN_Tabanidae,PLCO_Andrena_humilis,PLCO_Andrena_spp,PLCO_Apidae,PLCO_Cylindromyia_sp_red_color,PLCO_Dilophus_spp,PLCO_Diptera,PLCO_Episyrphus_balteatus,PLCO_Eristalis_similis,PLCO_Eucera_spp,PLCO_Hymenoptera,PLCO_Lasioglossum_malachurum,PLCO_Lomatia_spp,PLCO_Malachius_bipustulatus,PLCO_Malachius_spp,PLCO_Meligethes_spp,PLCO_Musca_spp,PLCO_Nemotelus_spp,PLCO_Odontomyia_spp,PLCO_Oedemeridae,PLCO_Psilothrix_viridicoerulea,PLCO_Sarcophaga_spp,PLCO_Sphaerophoria_scripta,PLCO_Syrphidae,PLCO_Ulidiidae_sp_wings_with_pattern,POMA_Andrena_humilis,POMA_Andrena_spp,POMA_Apidae,POMA_Chrysotoxum_spp,POMA_Cylindromyia_sp_red_color,POMA_Dilophus_spp,POMA_Diptera,POMA_Episyrphus_balteatus,POMA_Eristalis_similis,POMA_Eucera_spp,POMA_Eupeodes_corollae,POMA_Lasiocampa_trifolii,POMA_Lasioglossum_malachurum,POMA_Lomatia_spp,POMA_Malachius_bipustulatus,POMA_Malachius_spp,POMA_Melanostoma_spp,POMA_Meligethes_spp,POMA_Nemotelus_spp,POMA_Odontomyia_spp,POMA_Oedemeridae,POMA_Psilothrix_viridicoerulea,POMA_Sphaerophoria_scripta,POMA_Syrphidae,POMO_Andrena_humilis,POMO_Malachius_bipustulatus,POMO_Meligethes_spp,POMO_Psilothrix_viridicoerulea,POMO_Sphaerophoria_scripta,PUPA_Andrena_humilis,PUPA_Bombyliidae,PUPA_Psilothrix_viridicoerulea,PUPA_Sphaerophoria_scripta,RAPE_Andrena_humilis,RAPE_Andrena_spp,RAPE_Apidae,RAPE_Dilophus_spp,RAPE_Diptera,RAPE_Eristalis_similis,RAPE_Lasioglossum_malachurum,RAPE_Malachius_bipustulatus,RAPE_Melanostoma_spp,RAPE_Meligethes_spp,RAPE_Nemotelus_spp,RAPE_Odontomyia_spp,RAPE_Oedemeridae,RAPE_Psilothrix_viridicoerulea,RAPE_Sphaerophoria_scripta,SASO_Anastoechus_spp,SASO_Andrena_humilis,SASO_Andrena_spp,SASO_Apidae,SASO_Bombyliidae,SASO_Diptera,SASO_Eupeodes_corollae,SASO_Lasioglossum_malachurum,SASO_Meligethes_spp,SASO_Musca_spp,SASO_Odontomyia_spp,SASO_Oedemeridae,SASO_Psilothrix_viridicoerulea,SASO_Sarcophaga_spp,SASO_Sphaerophoria_scripta,SASO_Syrphidae,SASO_Ulidiidae_sp_wings_with_pattern,SCLA_Anastoechus_spp,SCLA_Andrena_humilis,SCLA_Apidae,SCLA_Bombyliidae,SCLA_Dilophus_spp,SCLA_Diptera,SCLA_Eristalinus_taeniops,SCLA_Hymenoptera,SCLA_Lasioglossum_immunitum,SCLA_Lasioglossum_malachurum,SCLA_Lepidoptera,SCLA_Musca_spp,SCLA_Psilothrix_viridicoerulea,SCLA_Sphaerophoria_scripta,SCLA_Syrphidae,SCLA_Tabanidae,SOAS_Andrena_humilis,SOAS_Andrena_spp,SOAS_Bibionidae,SOAS_Bombyliidae,SOAS_Dilophus_spp,SOAS_Diptera,SOAS_Episyrphus_balteatus,SOAS_Eristalis_similis,SOAS_Eucera_spp,SOAS_Eupeodes_corollae,SOAS_Hymenoptera,SOAS_Lasiocampa_trifolii,SOAS_Lasioglossum_malachurum,SOAS_Lepidoptera,SOAS_Malachius_spp,SOAS_Melanostoma_spp,SOAS_Meligethes_spp,SOAS_Musca_spp,SOAS_Odontomyia_spp,SOAS_Oedemeridae,SOAS_Osmia_spp,SOAS_Psilothrix_viridicoerulea,SOAS_Sarcophaga_spp,SOAS_Sphaerophoria_scripta,SOAS_Syrphidae,SOAS_Ulidiidae_sp_wings_with_pattern,SPRU_Anastoechus_spp,SPRU_Andrena_humilis,SPRU_Andrena_spp,SPRU_Cylindromyia_sp_red_color,SPRU_Dilophus_spp,SPRU_Diptera,SPRU_Eristalis_similis,SPRU_Eupeodes_corollae,SPRU_Hymenoptera,SPRU_Lasioglossum_malachurum,SPRU_Malachius_bipustulatus,SPRU_Malachius_spp,SPRU_Meligethes_spp,SPRU_Musca_spp,SPRU_Oedemeridae,SPRU_Psilothrix_viridicoerulea,SPRU_Sphaerophoria_scripta,SPRU_Syrphidae,LEMA_Anastoechus_spp,LEMA_Andrena_humilis,LEMA_Andrena_spp,LEMA_Apidae,LEMA_Bibionidae,LEMA_Bombyliidae,LEMA_Bombylius_major,LEMA_Calliphoridae,LEMA_Chrysotoxum_spp,LEMA_Cylindromyia_sp_red_color,LEMA_Dilophus_spp,LEMA_Diptera,LEMA_Empis_spp,LEMA_Episyrphus_balteatus,LEMA_Eristalinus_taeniops,LEMA_Eristalis_similis,LEMA_Eupeodes_corollae,LEMA_Hymenoptera,LEMA_Lasiocampa_trifolii,LEMA_Lasioglossum_immunitum,LEMA_Lasioglossum_malachurum,LEMA_Lepidoptera,LEMA_Lomatia_spp,LEMA_Malachius_bipustulatus,LEMA_Malachius_spp,LEMA_Melanostoma_spp,LEMA_Meligethes_spp,LEMA_Musca_spp,LEMA_Nemotelus_spp,LEMA_Odontomyia_spp,LEMA_Oedemeridae,LEMA_Osmia_ligurica,LEMA_Osmia_spp,LEMA_Pangonidae_spp,LEMA_Psilothrix_viridicoerulea,LEMA_Sarcophaga_spp,LEMA_Scaeva_spp,LEMA_Sphaerophoria_scripta,LEMA_Syrphidae,LEMA_Tabanidae,LEMA_Ulidiidae_sp_wings_with_pattern",4,2,1,"Brassicogethes_spp",1,"HOMA_MEEL",1,"HOMA_Cicadidae",4,"species","PLCO,POMA,POMO,SASO","Andrena_humilis,Dilophus_spp","POMA_Eupeodes_corollae,HOMA_Melanostoma_spp,HOMA_Meligethes_spp,HOMA_Musca_spp"
"4","CHFU",2020,"class",2,"Forb,Grass",3,"Forb_Grass,Forb_CHFU,Grass_CHFU",5,"beetle,caterpillar,grasshopper,snail,trip",14,"Forb_beetle,Forb_caterpillar,Forb_grasshopper,Forb_snail,Forb_trip,Grass_beetle,Grass_caterpillar,Grass_snail,Grass_trip,CHFU_beetle,CHFU_caterpillar,CHFU_grasshopper,CHFU_snail,CHFU_trip",3,"bee,fly,wasp",7,"Forb_bee,Forb_fly,Grass_bee,Grass_fly,CHFU_bee,CHFU_fly,CHFU_wasp",1,0,0,NA,0,NA,0,NA,0,"group","Forb",NA,NA
"5","CHFU",2020,"family",10,"Amaranthaceae,Asteraceae,Brassicaceae,Caryophyllaceae,Fabaceae,Gentianaceae,Plantaginaceae,Poaceae,Primulacea,Ranunculuc",55,"Amaranthaceae_Asteraceae,Amaranthaceae_Brassicaceae,Amaranthaceae_Caryophyllaceae,Amaranthaceae_Fabaceae,Amaranthaceae_Gentianaceae,Amaranthaceae_Plantaginaceae,Amaranthaceae_Poaceae,Amaranthaceae_Primulacea,Amaranthaceae_Ranunculuc,Amaranthaceae_CHFU,Asteraceae_Brassicaceae,Asteraceae_Caryophyllaceae,Asteraceae_Fabaceae,Asteraceae_Gentianaceae,Asteraceae_Plantaginaceae,Asteraceae_Poaceae,Asteraceae_Primulacea,Asteraceae_Ranunculuc,Asteraceae_CHFU,Brassicaceae_Caryophyllaceae,Brassicaceae_Fabaceae,Brassicaceae_Gentianaceae,Brassicaceae_Plantaginaceae,Brassicaceae_Poaceae,Brassicaceae_Primulacea,Brassicaceae_Ranunculuc,Brassicaceae_CHFU,Caryophyllaceae_Fabaceae,Caryophyllaceae_Gentianaceae,Caryophyllaceae_Plantaginaceae,Caryophyllaceae_Poaceae,Caryophyllaceae_Primulacea,Caryophyllaceae_Ranunculuc,Caryophyllaceae_CHFU,Fabaceae_Gentianaceae,Fabaceae_Plantaginaceae,Fabaceae_Poaceae,Fabaceae_Primulacea,Fabaceae_Ranunculuc,Fabaceae_CHFU,Gentianaceae_Plantaginaceae,Gentianaceae_Poaceae,Gentianaceae_Primulacea,Gentianaceae_Ranunculuc,Gentianaceae_CHFU,Plantaginaceae_Poaceae,Plantaginaceae_Primulacea,Plantaginaceae_Ranunculuc,Plantaginaceae_CHFU,Poaceae_Primulacea,Poaceae_Ranunculuc,Poaceae_CHFU,Primulacea_Ranunculuc,Primulacea_CHFU,Ranunculuc_CHFU",11,"Aphididae,Coccinellidae,Curculionidae,Geomitridae,Gryllidae,Helicidae,Lygaeidae,Miridae,Nitidulidae,Pentatomidae,Tettigoniidae",38,"Amaranthaceae_Curculionidae,Amaranthaceae_Helicidae,Amaranthaceae_Lygaeidae,Amaranthaceae_Miridae,Amaranthaceae_Nitidulidae,Asteraceae_Aphididae,Asteraceae_Geomitridae,Asteraceae_Gryllidae,Asteraceae_Helicidae,Asteraceae_Lygaeidae,Asteraceae_Miridae,Asteraceae_Nitidulidae,Fabaceae_Aphididae,Gentianaceae_Aphididae,Gentianaceae_Gryllidae,Gentianaceae_Helicidae,Gentianaceae_Lygaeidae,Gentianaceae_Miridae,Plantaginaceae_Helicidae,Poaceae_Aphididae,Poaceae_Curculionidae,Poaceae_Geomitridae,Poaceae_Helicidae,Poaceae_Lygaeidae,Poaceae_Miridae,Poaceae_Nitidulidae,Ranunculuc_Coccinellidae,Ranunculuc_Helicidae,Ranunculuc_Miridae,Ranunculuc_Pentatomidae,CHFU_Aphididae,CHFU_Coccinellidae,CHFU_Geomitridae,CHFU_Gryllidae,CHFU_Helicidae,CHFU_Lygaeidae,CHFU_Miridae,CHFU_Tettigoniidae",13,"Andrenidae,Apidae,Bibionidae,Bombyliidae,Chrysididae,Empididae,Halictidae,Muscidae,Sarcophagidae,Stratiomyidae,Syrphidae,Tachinidae,Ulidiidae",80,"Amaranthaceae_Andrenidae,Amaranthaceae_Apidae,Amaranthaceae_Empididae,Amaranthaceae_Muscidae,Amaranthaceae_Syrphidae,Amaranthaceae_Tachinidae,Amaranthaceae_Ulidiidae,Asteraceae_Andrenidae,Asteraceae_Apidae,Asteraceae_Bibionidae,Asteraceae_Bombyliidae,Asteraceae_Empididae,Asteraceae_Halictidae,Asteraceae_Muscidae,Asteraceae_Sarcophagidae,Asteraceae_Stratiomyidae,Asteraceae_Syrphidae,Asteraceae_Tachinidae,Asteraceae_Ulidiidae,Caryophyllaceae_Andrenidae,Caryophyllaceae_Bibionidae,Caryophyllaceae_Muscidae,Caryophyllaceae_Sarcophagidae,Caryophyllaceae_Ulidiidae,Fabaceae_Andrenidae,Fabaceae_Apidae,Fabaceae_Bibionidae,Fabaceae_Empididae,Fabaceae_Muscidae,Fabaceae_Sarcophagidae,Fabaceae_Stratiomyidae,Fabaceae_Syrphidae,Fabaceae_Ulidiidae,Gentianaceae_Andrenidae,Gentianaceae_Apidae,Gentianaceae_Bibionidae,Gentianaceae_Bombyliidae,Gentianaceae_Muscidae,Gentianaceae_Sarcophagidae,Gentianaceae_Stratiomyidae,Gentianaceae_Syrphidae,Gentianaceae_Tachinidae,Gentianaceae_Ulidiidae,Plantaginaceae_Andrenidae,Plantaginaceae_Bibionidae,Plantaginaceae_Bombyliidae,Plantaginaceae_Muscidae,Plantaginaceae_Sarcophagidae,Plantaginaceae_Stratiomyidae,Plantaginaceae_Syrphidae,Plantaginaceae_Tachinidae,Plantaginaceae_Ulidiidae,Poaceae_Andrenidae,Poaceae_Apidae,Poaceae_Bibionidae,Poaceae_Empididae,Poaceae_Muscidae,Poaceae_Sarcophagidae,Poaceae_Stratiomyidae,Poaceae_Syrphidae,Poaceae_Tachinidae,Poaceae_Ulidiidae,Primulacea_Ulidiidae,Ranunculuc_Andrenidae,Ranunculuc_Apidae,Ranunculuc_Bibionidae,Ranunculuc_Empididae,Ranunculuc_Stratiomyidae,CHFU_Andrenidae,CHFU_Apidae,CHFU_Bibionidae,CHFU_Bombyliidae,CHFU_Chrysididae,CHFU_Empididae,CHFU_Muscidae,CHFU_Sarcophagidae,CHFU_Stratiomyidae,CHFU_Syrphidae,CHFU_Tachinidae,CHFU_Ulidiidae",3,3,0,NA,1,"Asteraceae_Poaceae",0,NA,0,"family","Asteraceae,Caryophyllaceae,Fabaceae","Bibionidae,Muscidae,Ulidiidae",NA
"6","CHFU",2020,"code.plant",21,"ANAR,BEMA,CETE,CHMI,COSQ,HOMA,LEMA,MEEL,MEPO,MESU,PAIN,PLCO,POMA,POMO,PUPA,RAPE,SASO,SCLA,SOAS,SPRU,SUSP",231,"ANAR_BEMA,ANAR_CETE,ANAR_CHFU,ANAR_CHMI,ANAR_COSQ,ANAR_HOMA,ANAR_LEMA,ANAR_MEEL,ANAR_MEPO,ANAR_MESU,ANAR_PAIN,ANAR_PLCO,ANAR_POMA,ANAR_POMO,ANAR_PUPA,ANAR_RAPE,ANAR_SASO,ANAR_SCLA,ANAR_SOAS,ANAR_SPRU,ANAR_SUSP,BEMA_CETE,BEMA_CHFU,BEMA_CHMI,BEMA_COSQ,BEMA_HOMA,BEMA_LEMA,BEMA_MEEL,BEMA_MEPO,BEMA_MESU,BEMA_PAIN,BEMA_PLCO,BEMA_POMA,BEMA_POMO,BEMA_PUPA,BEMA_RAPE,BEMA_SASO,BEMA_SCLA,BEMA_SOAS,BEMA_SPRU,BEMA_SUSP,CETE_CHFU,CETE_CHMI,CETE_COSQ,CETE_HOMA,CETE_LEMA,CETE_MEEL,CETE_MEPO,CETE_MESU,CETE_PAIN,CETE_PLCO,CETE_POMA,CETE_POMO,CETE_PUPA,CETE_RAPE,CETE_SASO,CETE_SCLA,CETE_SOAS,CETE_SPRU,CETE_SUSP,CHFU_CHMI,CHFU_COSQ,CHFU_HOMA,CHFU_LEMA,CHFU_MEEL,CHFU_MEPO,CHFU_MESU,CHFU_PAIN,CHFU_PLCO,CHFU_POMA,CHFU_POMO,CHFU_PUPA,CHFU_RAPE,CHFU_SASO,CHFU_SCLA,CHFU_SOAS,CHFU_SPRU,CHFU_SUSP,CHMI_COSQ,CHMI_HOMA,CHMI_LEMA,CHMI_MEEL,CHMI_MEPO,CHMI_MESU,CHMI_PAIN,CHMI_PLCO,CHMI_POMA,CHMI_POMO,CHMI_PUPA,CHMI_RAPE,CHMI_SASO,CHMI_SCLA,CHMI_SOAS,CHMI_SPRU,CHMI_SUSP,COSQ_HOMA,COSQ_LEMA,COSQ_MEEL,COSQ_MEPO,COSQ_MESU,COSQ_PAIN,COSQ_PLCO,COSQ_POMA,COSQ_POMO,COSQ_PUPA,COSQ_RAPE,COSQ_SASO,COSQ_SCLA,COSQ_SOAS,COSQ_SPRU,COSQ_SUSP,HOMA_LEMA,HOMA_MEEL,HOMA_MEPO,HOMA_MESU,HOMA_PAIN,HOMA_PLCO,HOMA_POMA,HOMA_POMO,HOMA_PUPA,HOMA_RAPE,HOMA_SASO,HOMA_SCLA,HOMA_SOAS,HOMA_SPRU,HOMA_SUSP,LEMA_MEEL,LEMA_MEPO,LEMA_MESU,LEMA_PAIN,LEMA_PLCO,LEMA_POMA,LEMA_POMO,LEMA_PUPA,LEMA_RAPE,LEMA_SASO,LEMA_SCLA,LEMA_SOAS,LEMA_SPRU,LEMA_SUSP,MEEL_MEPO,MEEL_MESU,MEEL_PAIN,MEEL_PLCO,MEEL_POMA,MEEL_POMO,MEEL_PUPA,MEEL_RAPE,MEEL_SASO,MEEL_SCLA,MEEL_SOAS,MEEL_SPRU,MEEL_SUSP,MEPO_MESU,MEPO_PAIN,MEPO_PLCO,MEPO_POMA,MEPO_POMO,MEPO_PUPA,MEPO_RAPE,MEPO_SASO,MEPO_SCLA,MEPO_SOAS,MEPO_SPRU,MEPO_SUSP,MESU_PAIN,MESU_PLCO,MESU_POMA,MESU_POMO,MESU_PUPA,MESU_RAPE,MESU_SASO,MESU_SCLA,MESU_SOAS,MESU_SPRU,MESU_SUSP,PAIN_PLCO,PAIN_POMA,PAIN_POMO,PAIN_PUPA,PAIN_RAPE,PAIN_SASO,PAIN_SCLA,PAIN_SOAS,PAIN_SPRU,PAIN_SUSP,PLCO_POMA,PLCO_POMO,PLCO_PUPA,PLCO_RAPE,PLCO_SASO,PLCO_SCLA,PLCO_SOAS,PLCO_SPRU,PLCO_SUSP,POMA_POMO,POMA_PUPA,POMA_RAPE,POMA_SASO,POMA_SCLA,POMA_SOAS,POMA_SPRU,POMA_SUSP,POMO_PUPA,POMO_RAPE,POMO_SASO,POMO_SCLA,POMO_SOAS,POMO_SPRU,POMO_SUSP,PUPA_RAPE,PUPA_SASO,PUPA_SCLA,PUPA_SOAS,PUPA_SPRU,PUPA_SUSP,RAPE_SASO,RAPE_SCLA,RAPE_SOAS,RAPE_SPRU,RAPE_SUSP,SASO_SCLA,SASO_SOAS,SASO_SPRU,SASO_SUSP,SCLA_SOAS,SCLA_SPRU,SCLA_SUSP,SOAS_SPRU,SOAS_SUSP,SPRU_SUSP",15,"Aphis_fabae,Brassicogethes_spp,Cochlicella_barbara,Colias_crocea_larva,Conocephalus_dorsalis,Curculionidae,Gastropoda,Gryllus_bimaculatus,Lasiocampa_trifolii_larva,Lygaeidae,Miridae,Oxycarenus_hyalinipennis,Pentatomidae,Theba_pisana,Thysanoptera",68,"BEMA_Curculionidae,BEMA_Lygaeidae,BEMA_Miridae,BEMA_Oxycarenus_hyalinipennis,BEMA_Theba_pisana,BEMA_Thysanoptera,CETE_Aphis_fabae,CETE_Gryllus_bimaculatus,CETE_Lygaeidae,CETE_Miridae,CETE_Oxycarenus_hyalinipennis,CETE_Theba_pisana,CETE_Thysanoptera,HOMA_Aphis_fabae,HOMA_Cochlicella_barbara,HOMA_Colias_crocea_larva,HOMA_Curculionidae,HOMA_Lasiocampa_trifolii_larva,HOMA_Miridae,HOMA_Theba_pisana,LEMA_Aphis_fabae,LEMA_Brassicogethes_spp,LEMA_Cochlicella_barbara,LEMA_Colias_crocea_larva,LEMA_Gryllus_bimaculatus,LEMA_Lasiocampa_trifolii_larva,LEMA_Lygaeidae,LEMA_Miridae,LEMA_Theba_pisana,LEMA_Thysanoptera,MESU_Aphis_fabae,MESU_Thysanoptera,PAIN_Aphis_fabae,PAIN_Brassicogethes_spp,PAIN_Thysanoptera,PLCO_Lasiocampa_trifolii_larva,PLCO_Theba_pisana,PLCO_Thysanoptera,POMA_Miridae,POMA_Oxycarenus_hyalinipennis,POMA_Theba_pisana,POMA_Thysanoptera,PUPA_Thysanoptera,RAPE_Miridae,RAPE_Pentatomidae,RAPE_Theba_pisana,SASO_Brassicogethes_spp,SASO_Thysanoptera,SCLA_Aphis_fabae,SCLA_Theba_pisana,SCLA_Thysanoptera,SOAS_Aphis_fabae,SOAS_Miridae,SOAS_Oxycarenus_hyalinipennis,SOAS_Theba_pisana,SOAS_Thysanoptera,CHFU_Aphis_fabae,CHFU_Cochlicella_barbara,CHFU_Colias_crocea_larva,CHFU_Conocephalus_dorsalis,CHFU_Gastropoda,CHFU_Gryllus_bimaculatus,CHFU_Lasiocampa_trifolii_larva,CHFU_Lygaeidae,CHFU_Miridae,CHFU_Oxycarenus_hyalinipennis,CHFU_Theba_pisana,CHFU_Thysanoptera",30,"Andrena_argentata,Andrena_humilis,Andrena_spp,Apidae,Bibionidae,Bombyliidae,Calliphoridae,Cylindromyia_sp_red_color,Dilophus_spp,Diplazon_spp,Diptera,Empididae,Empis_spp,Episyrphus_balteatus,Eristalis_similis,Eucera_spp,Eupeodes_corollae,Halictidae,Hymenoptera,Lomatia_spp,Meligethes_spp,Musca_spp,Odontomyia_spp,Psilothrix_viridicoerulea,Sarcophaga_spp,Scaeva_spp,Sphaerophoria_scripta,Syrphidae,Tachinidae,Ulidiidae_sp_wings_with_pattern",219,"ANAR_Diptera,ANAR_Hymenoptera,ANAR_Psilothrix_viridicoerulea,ANAR_Ulidiidae_sp_wings_with_pattern,BEMA_Andrena_argentata,BEMA_Andrena_spp,BEMA_Diptera,BEMA_Empis_spp,BEMA_Episyrphus_balteatus,BEMA_Eucera_spp,BEMA_Musca_spp,BEMA_Psilothrix_viridicoerulea,BEMA_Syrphidae,BEMA_Tachinidae,BEMA_Ulidiidae_sp_wings_with_pattern,CETE_Andrena_argentata,CETE_Andrena_spp,CETE_Bibionidae,CETE_Bombyliidae,CETE_Dilophus_spp,CETE_Diptera,CETE_Episyrphus_balteatus,CETE_Eristalis_similis,CETE_Eucera_spp,CETE_Hymenoptera,CETE_Musca_spp,CETE_Odontomyia_spp,CETE_Psilothrix_viridicoerulea,CETE_Sarcophaga_spp,CETE_Syrphidae,CETE_Tachinidae,CETE_Ulidiidae_sp_wings_with_pattern,CHMI_Diptera,CHMI_Ulidiidae_sp_wings_with_pattern,HOMA_Andrena_spp,HOMA_Apidae,HOMA_Bibionidae,HOMA_Dilophus_spp,HOMA_Diptera,HOMA_Empididae,HOMA_Episyrphus_balteatus,HOMA_Eristalis_similis,HOMA_Eupeodes_corollae,HOMA_Hymenoptera,HOMA_Lomatia_spp,HOMA_Meligethes_spp,HOMA_Musca_spp,HOMA_Odontomyia_spp,HOMA_Psilothrix_viridicoerulea,HOMA_Sarcophaga_spp,HOMA_Scaeva_spp,HOMA_Sphaerophoria_scripta,HOMA_Syrphidae,HOMA_Tachinidae,HOMA_Ulidiidae_sp_wings_with_pattern,LEMA_Andrena_spp,LEMA_Apidae,LEMA_Bibionidae,LEMA_Bombyliidae,LEMA_Dilophus_spp,LEMA_Diptera,LEMA_Empididae,LEMA_Empis_spp,LEMA_Episyrphus_balteatus,LEMA_Eristalis_similis,LEMA_Eucera_spp,LEMA_Eupeodes_corollae,LEMA_Hymenoptera,LEMA_Lomatia_spp,LEMA_Meligethes_spp,LEMA_Musca_spp,LEMA_Odontomyia_spp,LEMA_Psilothrix_viridicoerulea,LEMA_Sarcophaga_spp,LEMA_Scaeva_spp,LEMA_Sphaerophoria_scripta,LEMA_Syrphidae,LEMA_Tachinidae,LEMA_Ulidiidae_sp_wings_with_pattern,MEEL_Andrena_spp,MEEL_Apidae,MEEL_Dilophus_spp,MEEL_Diptera,MEEL_Empididae,MEEL_Episyrphus_balteatus,MEEL_Eupeodes_corollae,MEEL_Scaeva_spp,MEEL_Sphaerophoria_scripta,MEPO_Diptera,MEPO_Sarcophaga_spp,MESU_Andrena_spp,MESU_Bibionidae,MESU_Diptera,MESU_Episyrphus_balteatus,MESU_Hymenoptera,MESU_Musca_spp,MESU_Odontomyia_spp,MESU_Sarcophaga_spp,MESU_Sphaerophoria_scripta,MESU_Syrphidae,MESU_Ulidiidae_sp_wings_with_pattern,PAIN_Andrena_argentata,PAIN_Andrena_spp,PAIN_Bibionidae,PAIN_Diptera,PAIN_Hymenoptera,PAIN_Musca_spp,PAIN_Psilothrix_viridicoerulea,PAIN_Sarcophaga_spp,PAIN_Syrphidae,PAIN_Ulidiidae_sp_wings_with_pattern,PLCO_Andrena_spp,PLCO_Bibionidae,PLCO_Bombyliidae,PLCO_Dilophus_spp,PLCO_Diptera,PLCO_Episyrphus_balteatus,PLCO_Eupeodes_corollae,PLCO_Hymenoptera,PLCO_Lomatia_spp,PLCO_Musca_spp,PLCO_Odontomyia_spp,PLCO_Psilothrix_viridicoerulea,PLCO_Sarcophaga_spp,PLCO_Sphaerophoria_scripta,PLCO_Syrphidae,PLCO_Tachinidae,PLCO_Ulidiidae_sp_wings_with_pattern,POMA_Andrena_argentata,POMA_Andrena_spp,POMA_Bibionidae,POMA_Dilophus_spp,POMA_Diptera,POMA_Empididae,POMA_Episyrphus_balteatus,POMA_Hymenoptera,POMA_Musca_spp,POMA_Odontomyia_spp,POMA_Psilothrix_viridicoerulea,POMA_Sarcophaga_spp,POMA_Sphaerophoria_scripta,POMA_Tachinidae,POMA_Ulidiidae_sp_wings_with_pattern,POMO_Diptera,POMO_Ulidiidae_sp_wings_with_pattern,PUPA_Diptera,PUPA_Eupeodes_corollae,PUPA_Musca_spp,PUPA_Psilothrix_viridicoerulea,PUPA_Ulidiidae_sp_wings_with_pattern,RAPE_Andrena_spp,RAPE_Apidae,RAPE_Dilophus_spp,RAPE_Diptera,RAPE_Empididae,RAPE_Odontomyia_spp,SASO_Andrena_spp,SASO_Diptera,SASO_Musca_spp,SASO_Ulidiidae_sp_wings_with_pattern,SCLA_Dilophus_spp,SCLA_Diptera,SCLA_Halictidae,SCLA_Musca_spp,SCLA_Psilothrix_viridicoerulea,SCLA_Sarcophaga_spp,SCLA_Ulidiidae_sp_wings_with_pattern,SOAS_Andrena_argentata,SOAS_Andrena_spp,SOAS_Bibionidae,SOAS_Bombyliidae,SOAS_Dilophus_spp,SOAS_Diptera,SOAS_Episyrphus_balteatus,SOAS_Eristalis_similis,SOAS_Halictidae,SOAS_Hymenoptera,SOAS_Musca_spp,SOAS_Odontomyia_spp,SOAS_Psilothrix_viridicoerulea,SOAS_Sarcophaga_spp,SOAS_Scaeva_spp,SOAS_Syrphidae,SOAS_Ulidiidae_sp_wings_with_pattern,SPRU_Andrena_spp,SPRU_Dilophus_spp,SPRU_Diptera,SPRU_Hymenoptera,SPRU_Musca_spp,SPRU_Psilothrix_viridicoerulea,SPRU_Sarcophaga_spp,SPRU_Ulidiidae_sp_wings_with_pattern,SUSP_Andrena_spp,SUSP_Diptera,SUSP_Ulidiidae_sp_wings_with_pattern,CHFU_Andrena_argentata,CHFU_Andrena_spp,CHFU_Apidae,CHFU_Bombyliidae,CHFU_Calliphoridae,CHFU_Dilophus_spp,CHFU_Diplazon_spp,CHFU_Diptera,CHFU_Empididae,CHFU_Episyrphus_balteatus,CHFU_Eristalis_similis,CHFU_Eupeodes_corollae,CHFU_Hymenoptera,CHFU_Lomatia_spp,CHFU_Meligethes_spp,CHFU_Musca_spp,CHFU_Odontomyia_spp,CHFU_Psilothrix_viridicoerulea,CHFU_Sarcophaga_spp,CHFU_Scaeva_spp,CHFU_Sphaerophoria_scripta,CHFU_Syrphidae,CHFU_Tachinidae,CHFU_Ulidiidae_sp_wings_with_pattern",5,3,0,NA,1,"LEMA_MEEL",0,NA,1,"species","MEEL,PAIN,RAPE,SPRU,SUSP","Dilophus_spp,Musca_spp,Ulidiidae_sp_wings_with_pattern","CETE_Bombyliidae"
"7","HOMA",2020,"class",2,"Forb,Grass",3,"Forb_Grass,Forb_HOMA,Grass_HOMA",4,"beetle,caterpillar,grasshopper,snail",12,"Forb_beetle,Forb_caterpillar,Forb_grasshopper,Forb_snail,Grass_beetle,Grass_caterpillar,Grass_grasshopper,Grass_snail,HOMA_beetle,HOMA_caterpillar,HOMA_grasshopper,HOMA_snail",1,"butterfly",2,"Forb_butterfly,HOMA_butterfly",0,0,0,NA,0,NA,0,NA,0,"group",NA,NA,NA
"8","HOMA",2020,"family",8,"Amaranthaceae,Asteraceae,Caryophyllaceae,Fabaceae,Gentianaceae,Plantaginaceae,Poaceae,Primulacea",36,"Amaranthaceae_Asteraceae,Amaranthaceae_Caryophyllaceae,Amaranthaceae_Fabaceae,Amaranthaceae_Gentianaceae,Amaranthaceae_Plantaginaceae,Amaranthaceae_Poaceae,Amaranthaceae_Primulacea,Amaranthaceae_HOMA,Asteraceae_Caryophyllaceae,Asteraceae_Fabaceae,Asteraceae_Gentianaceae,Asteraceae_Plantaginaceae,Asteraceae_Poaceae,Asteraceae_Primulacea,Asteraceae_HOMA,Caryophyllaceae_Fabaceae,Caryophyllaceae_Gentianaceae,Caryophyllaceae_Plantaginaceae,Caryophyllaceae_Poaceae,Caryophyllaceae_Primulacea,Caryophyllaceae_HOMA,Fabaceae_Gentianaceae,Fabaceae_Plantaginaceae,Fabaceae_Poaceae,Fabaceae_Primulacea,Fabaceae_HOMA,Gentianaceae_Plantaginaceae,Gentianaceae_Poaceae,Gentianaceae_Primulacea,Gentianaceae_HOMA,Plantaginaceae_Poaceae,Plantaginaceae_Primulacea,Plantaginaceae_HOMA,Poaceae_Primulacea,Poaceae_HOMA,Primulacea_HOMA",12,"Acrididae,Aphididae,Aphrophoridae,Cercopoidea,Coccinellidae,Geomitridae,Gryllidae,Helicidae,Miridae,Nitidulidae,Pentatomidae,Tettigoniidae",62,"Amaranthaceae_Acrididae,Amaranthaceae_Coccinellidae,Amaranthaceae_Geomitridae,Amaranthaceae_Helicidae,Amaranthaceae_Pentatomidae,Amaranthaceae_Tettigoniidae,Asteraceae_Acrididae,Asteraceae_Aphididae,Asteraceae_Aphrophoridae,Asteraceae_Coccinellidae,Asteraceae_Geomitridae,Asteraceae_Gryllidae,Asteraceae_Helicidae,Asteraceae_Miridae,Asteraceae_Nitidulidae,Asteraceae_Pentatomidae,Asteraceae_Tettigoniidae,Caryophyllaceae_Acrididae,Caryophyllaceae_Geomitridae,Caryophyllaceae_Helicidae,Caryophyllaceae_Tettigoniidae,Fabaceae_Acrididae,Fabaceae_Cercopoidea,Fabaceae_Geomitridae,Fabaceae_Gryllidae,Fabaceae_Helicidae,Fabaceae_Nitidulidae,Fabaceae_Pentatomidae,Fabaceae_Tettigoniidae,Gentianaceae_Acrididae,Gentianaceae_Geomitridae,Gentianaceae_Helicidae,Gentianaceae_Tettigoniidae,Plantaginaceae_Acrididae,Plantaginaceae_Aphrophoridae,Plantaginaceae_Geomitridae,Plantaginaceae_Helicidae,Plantaginaceae_Pentatomidae,Plantaginaceae_Tettigoniidae,Poaceae_Acrididae,Poaceae_Aphididae,Poaceae_Aphrophoridae,Poaceae_Coccinellidae,Poaceae_Geomitridae,Poaceae_Gryllidae,Poaceae_Helicidae,Poaceae_Miridae,Poaceae_Nitidulidae,Poaceae_Pentatomidae,Poaceae_Tettigoniidae,HOMA_Acrididae,HOMA_Aphididae,HOMA_Aphrophoridae,HOMA_Cercopoidea,HOMA_Coccinellidae,HOMA_Geomitridae,HOMA_Gryllidae,HOMA_Helicidae,HOMA_Miridae,HOMA_Nitidulidae,HOMA_Pentatomidae,HOMA_Tettigoniidae",NA,NA,NA,NA,1,NA,0,NA,0,NA,0,NA,NA,"family","Caryophyllaceae",NA,NA
"9","HOMA",2020,"code.plant",18,"ANAR,BEMA,CETE,CHFU,CHMI,LEMA,MEEL,MEPO,MESU,PAIN,PLCO,POMA,POMO,PUPA,SASO,SCLA,SOAS,SPRU",171,"ANAR_BEMA,ANAR_CETE,ANAR_CHFU,ANAR_CHMI,ANAR_HOMA,ANAR_LEMA,ANAR_MEEL,ANAR_MEPO,ANAR_MESU,ANAR_PAIN,ANAR_PLCO,ANAR_POMA,ANAR_POMO,ANAR_PUPA,ANAR_SASO,ANAR_SCLA,ANAR_SOAS,ANAR_SPRU,BEMA_CETE,BEMA_CHFU,BEMA_CHMI,BEMA_HOMA,BEMA_LEMA,BEMA_MEEL,BEMA_MEPO,BEMA_MESU,BEMA_PAIN,BEMA_PLCO,BEMA_POMA,BEMA_POMO,BEMA_PUPA,BEMA_SASO,BEMA_SCLA,BEMA_SOAS,BEMA_SPRU,CETE_CHFU,CETE_CHMI,CETE_HOMA,CETE_LEMA,CETE_MEEL,CETE_MEPO,CETE_MESU,CETE_PAIN,CETE_PLCO,CETE_POMA,CETE_POMO,CETE_PUPA,CETE_SASO,CETE_SCLA,CETE_SOAS,CETE_SPRU,CHFU_CHMI,CHFU_HOMA,CHFU_LEMA,CHFU_MEEL,CHFU_MEPO,CHFU_MESU,CHFU_PAIN,CHFU_PLCO,CHFU_POMA,CHFU_POMO,CHFU_PUPA,CHFU_SASO,CHFU_SCLA,CHFU_SOAS,CHFU_SPRU,CHMI_HOMA,CHMI_LEMA,CHMI_MEEL,CHMI_MEPO,CHMI_MESU,CHMI_PAIN,CHMI_PLCO,CHMI_POMA,CHMI_POMO,CHMI_PUPA,CHMI_SASO,CHMI_SCLA,CHMI_SOAS,CHMI_SPRU,HOMA_LEMA,HOMA_MEEL,HOMA_MEPO,HOMA_MESU,HOMA_PAIN,HOMA_PLCO,HOMA_POMA,HOMA_POMO,HOMA_PUPA,HOMA_SASO,HOMA_SCLA,HOMA_SOAS,HOMA_SPRU,LEMA_MEEL,LEMA_MEPO,LEMA_MESU,LEMA_PAIN,LEMA_PLCO,LEMA_POMA,LEMA_POMO,LEMA_PUPA,LEMA_SASO,LEMA_SCLA,LEMA_SOAS,LEMA_SPRU,MEEL_MEPO,MEEL_MESU,MEEL_PAIN,MEEL_PLCO,MEEL_POMA,MEEL_POMO,MEEL_PUPA,MEEL_SASO,MEEL_SCLA,MEEL_SOAS,MEEL_SPRU,MEPO_MESU,MEPO_PAIN,MEPO_PLCO,MEPO_POMA,MEPO_POMO,MEPO_PUPA,MEPO_SASO,MEPO_SCLA,MEPO_SOAS,MEPO_SPRU,MESU_PAIN,MESU_PLCO,MESU_POMA,MESU_POMO,MESU_PUPA,MESU_SASO,MESU_SCLA,MESU_SOAS,MESU_SPRU,PAIN_PLCO,PAIN_POMA,PAIN_POMO,PAIN_PUPA,PAIN_SASO,PAIN_SCLA,PAIN_SOAS,PAIN_SPRU,PLCO_POMA,PLCO_POMO,PLCO_PUPA,PLCO_SASO,PLCO_SCLA,PLCO_SOAS,PLCO_SPRU,POMA_POMO,POMA_PUPA,POMA_SASO,POMA_SCLA,POMA_SOAS,POMA_SPRU,POMO_PUPA,POMO_SASO,POMO_SCLA,POMO_SOAS,POMO_SPRU,PUPA_SASO,PUPA_SCLA,PUPA_SOAS,PUPA_SPRU,SASO_SCLA,SASO_SOAS,SASO_SPRU,SCLA_SOAS,SCLA_SPRU,SOAS_SPRU",25,"Aelia_spp,Agapanthia_annularis,Aiolopus_strepens,Aphis_fabae,Brassicogethes_spp,Cercopoidea,Cleta_ramosaria_larva,Cochlicella_barbara,Colias_crocea_larva,Conocephalus_dorsalis,Coscinia_spp_larva,Dociostaurus_jagoi,Gastropoda,Geometridae_larva,Gryllus_bimaculatus,Lasiocampa_trifolii_larva,Lepidoptera_larva,Lepidoptera_sp_green_naked_larva,Miridae,Orthoptera,Otala_lactea,Pentatomidae,Philaenus_spumarius,Tessellana_tessellata,Theba_pisana",163,"BEMA_Aelia_spp,BEMA_Agapanthia_annularis,BEMA_Aiolopus_strepens,BEMA_Cochlicella_barbara,BEMA_Geometridae_larva,BEMA_Lasiocampa_trifolii_larva,BEMA_Tessellana_tessellata,BEMA_Theba_pisana,CETE_Aiolopus_strepens,CETE_Cochlicella_barbara,CETE_Lasiocampa_trifolii_larva,CETE_Tessellana_tessellata,CETE_Theba_pisana,CHFU_Aelia_spp,CHFU_Cochlicella_barbara,CHFU_Gastropoda,CHFU_Lasiocampa_trifolii_larva,CHFU_Lepidoptera_larva,CHFU_Miridae,CHFU_Tessellana_tessellata,CHFU_Theba_pisana,CHMI_Aelia_spp,CHMI_Aiolopus_strepens,CHMI_Cochlicella_barbara,CHMI_Lasiocampa_trifolii_larva,CHMI_Lepidoptera_larva,CHMI_Tessellana_tessellata,CHMI_Theba_pisana,LEMA_Aelia_spp,LEMA_Aiolopus_strepens,LEMA_Aphis_fabae,LEMA_Brassicogethes_spp,LEMA_Cochlicella_barbara,LEMA_Colias_crocea_larva,LEMA_Conocephalus_dorsalis,LEMA_Coscinia_spp_larva,LEMA_Dociostaurus_jagoi,LEMA_Gastropoda,LEMA_Gryllus_bimaculatus,LEMA_Lasiocampa_trifolii_larva,LEMA_Lepidoptera_larva,LEMA_Lepidoptera_sp_green_naked_larva,LEMA_Miridae,LEMA_Orthoptera,LEMA_Otala_lactea,LEMA_Pentatomidae,LEMA_Philaenus_spumarius,LEMA_Tessellana_tessellata,LEMA_Theba_pisana,MEEL_Aelia_spp,MEEL_Brassicogethes_spp,MEEL_Cochlicella_barbara,MEEL_Conocephalus_dorsalis,MEEL_Gryllus_bimaculatus,MEEL_Lasiocampa_trifolii_larva,MEEL_Orthoptera,MEEL_Otala_lactea,MEEL_Tessellana_tessellata,MEEL_Theba_pisana,MEPO_Cochlicella_barbara,MEPO_Lasiocampa_trifolii_larva,MEPO_Tessellana_tessellata,MEPO_Theba_pisana,MESU_Aelia_spp,MESU_Aiolopus_strepens,MESU_Brassicogethes_spp,MESU_Cercopoidea,MESU_Cochlicella_barbara,MESU_Gryllus_bimaculatus,MESU_Lasiocampa_trifolii_larva,MESU_Lepidoptera_sp_green_naked_larva,MESU_Orthoptera,MESU_Otala_lactea,MESU_Pentatomidae,MESU_Tessellana_tessellata,MESU_Theba_pisana,PAIN_Aelia_spp,PAIN_Agapanthia_annularis,PAIN_Aiolopus_strepens,PAIN_Cochlicella_barbara,PAIN_Lasiocampa_trifolii_larva,PAIN_Lepidoptera_larva,PAIN_Tessellana_tessellata,PAIN_Theba_pisana,PLCO_Aelia_spp,PLCO_Aiolopus_strepens,PLCO_Cochlicella_barbara,PLCO_Conocephalus_dorsalis,PLCO_Lasiocampa_trifolii_larva,PLCO_Orthoptera,PLCO_Pentatomidae,PLCO_Philaenus_spumarius,PLCO_Tessellana_tessellata,PLCO_Theba_pisana,POMA_Aelia_spp,POMA_Aiolopus_strepens,POMA_Aphis_fabae,POMA_Brassicogethes_spp,POMA_Cochlicella_barbara,POMA_Conocephalus_dorsalis,POMA_Gastropoda,POMA_Gryllus_bimaculatus,POMA_Lasiocampa_trifolii_larva,POMA_Lepidoptera_larva,POMA_Miridae,POMA_Orthoptera,POMA_Otala_lactea,POMA_Pentatomidae,POMA_Philaenus_spumarius,POMA_Tessellana_tessellata,POMA_Theba_pisana,POMO_Cochlicella_barbara,POMO_Gastropoda,POMO_Lasiocampa_trifolii_larva,POMO_Theba_pisana,PUPA_Aelia_spp,PUPA_Aiolopus_strepens,PUPA_Cochlicella_barbara,PUPA_Lasiocampa_trifolii_larva,PUPA_Tessellana_tessellata,SASO_Aelia_spp,SASO_Cochlicella_barbara,SASO_Lasiocampa_trifolii_larva,SASO_Tessellana_tessellata,SASO_Theba_pisana,SCLA_Cochlicella_barbara,SCLA_Lasiocampa_trifolii_larva,SCLA_Tessellana_tessellata,SCLA_Theba_pisana,SOAS_Cochlicella_barbara,SOAS_Dociostaurus_jagoi,SOAS_Tessellana_tessellata,SOAS_Theba_pisana,SPRU_Aiolopus_strepens,SPRU_Cochlicella_barbara,SPRU_Conocephalus_dorsalis,SPRU_Orthoptera,SPRU_Theba_pisana,HOMA_Aelia_spp,HOMA_Agapanthia_annularis,HOMA_Aiolopus_strepens,HOMA_Aphis_fabae,HOMA_Brassicogethes_spp,HOMA_Cercopoidea,HOMA_Cleta_ramosaria_larva,HOMA_Cochlicella_barbara,HOMA_Colias_crocea_larva,HOMA_Conocephalus_dorsalis,HOMA_Coscinia_spp_larva,HOMA_Dociostaurus_jagoi,HOMA_Gastropoda,HOMA_Geometridae_larva,HOMA_Gryllus_bimaculatus,HOMA_Lasiocampa_trifolii_larva,HOMA_Lepidoptera_larva,HOMA_Lepidoptera_sp_green_naked_larva,HOMA_Miridae,HOMA_Orthoptera,HOMA_Otala_lactea,HOMA_Pentatomidae,HOMA_Philaenus_spumarius,HOMA_Tessellana_tessellata,HOMA_Theba_pisana",1,"Lepidoptera",4,"BEMA_Lepidoptera,LEMA_Lepidoptera,SOAS_Lepidoptera,HOMA_Lepidoptera",4,0,0,NA,1,"LEMA_POMO",0,NA,0,"species","MEEL,POMO,SCLA,HOMA",NA,NA
"10","CETE",2020,"class",2,"Forb,Grass",3,"Forb_Grass,Forb_CETE,Grass_CETE",2,"beetle,snail",4,"Forb_beetle,Forb_snail,Grass_snail,CETE_snail",3,"bee,butterfly,fly",7,"Forb_bee,Forb_butterfly,Forb_fly,Grass_bee,Grass_fly,CETE_bee,CETE_fly",0,0,0,NA,0,NA,0,NA,0,"group",NA,NA,NA
"11","CETE",2020,"family",8,"Amaranthaceae,Asteraceae,Caryophyllaceae,Fabaceae,Gentianaceae,Plantaginaceae,Poaceae,Primulacea",36,"Amaranthaceae_Asteraceae,Amaranthaceae_Caryophyllaceae,Amaranthaceae_Fabaceae,Amaranthaceae_Gentianaceae,Amaranthaceae_Plantaginaceae,Amaranthaceae_Poaceae,Amaranthaceae_Primulacea,Amaranthaceae_CETE,Asteraceae_Caryophyllaceae,Asteraceae_Fabaceae,Asteraceae_Gentianaceae,Asteraceae_Plantaginaceae,Asteraceae_Poaceae,Asteraceae_Primulacea,Asteraceae_CETE,Caryophyllaceae_Fabaceae,Caryophyllaceae_Gentianaceae,Caryophyllaceae_Plantaginaceae,Caryophyllaceae_Poaceae,Caryophyllaceae_Primulacea,Caryophyllaceae_CETE,Fabaceae_Gentianaceae,Fabaceae_Plantaginaceae,Fabaceae_Poaceae,Fabaceae_Primulacea,Fabaceae_CETE,Gentianaceae_Plantaginaceae,Gentianaceae_Poaceae,Gentianaceae_Primulacea,Gentianaceae_CETE,Plantaginaceae_Poaceae,Plantaginaceae_Primulacea,Plantaginaceae_CETE,Poaceae_Primulacea,Poaceae_CETE,Primulacea_CETE",3,"Coccinellidae,Geomitridae,Helicidae",13,"Amaranthaceae_Coccinellidae,Amaranthaceae_Geomitridae,Amaranthaceae_Helicidae,Asteraceae_Geomitridae,Asteraceae_Helicidae,Caryophyllaceae_Geomitridae,Caryophyllaceae_Helicidae,Fabaceae_Helicidae,Plantaginaceae_Helicidae,Poaceae_Geomitridae,Poaceae_Helicidae,CETE_Geomitridae,CETE_Helicidae",7,"Andrenidae,Bombyliidae,Halictidae,Muscidae,Nymphalidae,Syrphidae,Tabanidae",21,"Amaranthaceae_Bombyliidae,Amaranthaceae_Halictidae,Amaranthaceae_Nymphalidae,Asteraceae_Andrenidae,Asteraceae_Bombyliidae,Asteraceae_Halictidae,Asteraceae_Muscidae,Asteraceae_Nymphalidae,Asteraceae_Syrphidae,Asteraceae_Tabanidae,Plantaginaceae_Andrenidae,Poaceae_Bombyliidae,Poaceae_Halictidae,Poaceae_Tabanidae,Primulacea_Syrphidae,CETE_Andrenidae,CETE_Bombyliidae,CETE_Halictidae,CETE_Muscidae,CETE_Syrphidae,CETE_Tabanidae",0,0,0,NA,0,NA,0,NA,0,"family",NA,NA,NA
"12","CETE",2020,"code.plant",18,"ACHI,ANAR,BEMA,CHFU,CHMI,HOMA,LEMA,MEEL,MESU,PAIN,PLCO,POMA,POMO,PUPA,SASO,SCLA,SOAS,SPRU",171,"ACHI_ANAR,ACHI_BEMA,ACHI_CETE,ACHI_CHFU,ACHI_CHMI,ACHI_HOMA,ACHI_LEMA,ACHI_MEEL,ACHI_MESU,ACHI_PAIN,ACHI_PLCO,ACHI_POMA,ACHI_POMO,ACHI_PUPA,ACHI_SASO,ACHI_SCLA,ACHI_SOAS,ACHI_SPRU,ANAR_BEMA,ANAR_CETE,ANAR_CHFU,ANAR_CHMI,ANAR_HOMA,ANAR_LEMA,ANAR_MEEL,ANAR_MESU,ANAR_PAIN,ANAR_PLCO,ANAR_POMA,ANAR_POMO,ANAR_PUPA,ANAR_SASO,ANAR_SCLA,ANAR_SOAS,ANAR_SPRU,BEMA_CETE,BEMA_CHFU,BEMA_CHMI,BEMA_HOMA,BEMA_LEMA,BEMA_MEEL,BEMA_MESU,BEMA_PAIN,BEMA_PLCO,BEMA_POMA,BEMA_POMO,BEMA_PUPA,BEMA_SASO,BEMA_SCLA,BEMA_SOAS,BEMA_SPRU,CETE_CHFU,CETE_CHMI,CETE_HOMA,CETE_LEMA,CETE_MEEL,CETE_MESU,CETE_PAIN,CETE_PLCO,CETE_POMA,CETE_POMO,CETE_PUPA,CETE_SASO,CETE_SCLA,CETE_SOAS,CETE_SPRU,CHFU_CHMI,CHFU_HOMA,CHFU_LEMA,CHFU_MEEL,CHFU_MESU,CHFU_PAIN,CHFU_PLCO,CHFU_POMA,CHFU_POMO,CHFU_PUPA,CHFU_SASO,CHFU_SCLA,CHFU_SOAS,CHFU_SPRU,CHMI_HOMA,CHMI_LEMA,CHMI_MEEL,CHMI_MESU,CHMI_PAIN,CHMI_PLCO,CHMI_POMA,CHMI_POMO,CHMI_PUPA,CHMI_SASO,CHMI_SCLA,CHMI_SOAS,CHMI_SPRU,HOMA_LEMA,HOMA_MEEL,HOMA_MESU,HOMA_PAIN,HOMA_PLCO,HOMA_POMA,HOMA_POMO,HOMA_PUPA,HOMA_SASO,HOMA_SCLA,HOMA_SOAS,HOMA_SPRU,LEMA_MEEL,LEMA_MESU,LEMA_PAIN,LEMA_PLCO,LEMA_POMA,LEMA_POMO,LEMA_PUPA,LEMA_SASO,LEMA_SCLA,LEMA_SOAS,LEMA_SPRU,MEEL_MESU,MEEL_PAIN,MEEL_PLCO,MEEL_POMA,MEEL_POMO,MEEL_PUPA,MEEL_SASO,MEEL_SCLA,MEEL_SOAS,MEEL_SPRU,MESU_PAIN,MESU_PLCO,MESU_POMA,MESU_POMO,MESU_PUPA,MESU_SASO,MESU_SCLA,MESU_SOAS,MESU_SPRU,PAIN_PLCO,PAIN_POMA,PAIN_POMO,PAIN_PUPA,PAIN_SASO,PAIN_SCLA,PAIN_SOAS,PAIN_SPRU,PLCO_POMA,PLCO_POMO,PLCO_PUPA,PLCO_SASO,PLCO_SCLA,PLCO_SOAS,PLCO_SPRU,POMA_POMO,POMA_PUPA,POMA_SASO,POMA_SCLA,POMA_SOAS,POMA_SPRU,POMO_PUPA,POMO_SASO,POMO_SCLA,POMO_SOAS,POMO_SPRU,PUPA_SASO,PUPA_SCLA,PUPA_SOAS,PUPA_SPRU,SASO_SCLA,SASO_SOAS,SASO_SPRU,SCLA_SOAS,SCLA_SPRU,SOAS_SPRU",3,"Cochlicella_barbara,Otala_lactea,Theba_pisana",25,"BEMA_Cochlicella_barbara,BEMA_Theba_pisana,CHFU_Cochlicella_barbara,CHFU_Theba_pisana,HOMA_Theba_pisana,LEMA_Cochlicella_barbara,LEMA_Otala_lactea,LEMA_Theba_pisana,MESU_Theba_pisana,PAIN_Theba_pisana,PLCO_Otala_lactea,PLCO_Theba_pisana,POMA_Cochlicella_barbara,POMA_Theba_pisana,POMO_Theba_pisana,PUPA_Cochlicella_barbara,PUPA_Theba_pisana,SASO_Theba_pisana,SCLA_Theba_pisana,SOAS_Theba_pisana,SPRU_Cochlicella_barbara,SPRU_Otala_lactea,SPRU_Theba_pisana,CETE_Cochlicella_barbara,CETE_Theba_pisana",10,"Andrena_spp,Bombyliidae,Bombylius_major,Eristalis_similis,Lasioglossum_malachurum,Musca_spp,Sphaerophoria_scripta,Syrphidae,Tabanidae,Vanessa_cardui",37,"ACHI_Eristalis_similis,ACHI_Sphaerophoria_scripta,ANAR_Eristalis_similis,ANAR_Sphaerophoria_scripta,BEMA_Bombyliidae,BEMA_Bombylius_major,BEMA_Lasioglossum_malachurum,HOMA_Bombylius_major,HOMA_Lasioglossum_malachurum,HOMA_Tabanidae,LEMA_Bombyliidae,LEMA_Bombylius_major,LEMA_Eristalis_similis,LEMA_Lasioglossum_malachurum,LEMA_Musca_spp,LEMA_Syrphidae,LEMA_Tabanidae,LEMA_Vanessa_cardui,PAIN_Lasioglossum_malachurum,PLCO_Andrena_spp,POMA_Lasioglossum_malachurum,POMO_Lasioglossum_malachurum,PUPA_Bombylius_major,PUPA_Eristalis_similis,SASO_Bombylius_major,SASO_Vanessa_cardui,SCLA_Andrena_spp,SCLA_Bombyliidae,SOAS_Bombyliidae,SOAS_Lasioglossum_malachurum,CETE_Andrena_spp,CETE_Bombylius_major,CETE_Lasioglossum_malachurum,CETE_Musca_spp,CETE_Sphaerophoria_scripta,CETE_Syrphidae,CETE_Tabanidae",0,0,0,NA,1,"LEMA_SCLA",0,NA,0,"species",NA,NA,NA
